INSERT INTO 账户(账户名,密码,权限) VALUES('as001','pwd001','stu');
INSERT INTO 账户(账户名,密码,权限) VALUES('as002','pwd002','stu');
INSERT INTO 账户(账户名,密码,权限) VALUES('as003','pwd003','stu');
INSERT INTO 账户(账户名,密码,权限) VALUES('as004','pwd004','stu');
INSERT INTO 账户(账户名,密码,权限) VALUES('as005','pwd005','stu');
INSERT INTO 账户(账户名,密码,权限) VALUES('as006','pwd006','stu');
INSERT INTO 账户(账户名,密码,权限) VALUES('as007','pwd007','stu');
INSERT INTO 账户(账户名,密码,权限) VALUES('as008','pwd008','stu');
INSERT INTO 账户(账户名,密码,权限) VALUES('as009','pwd009','stu');
INSERT INTO 账户(账户名,密码,权限) VALUES('as010','pwd010','stu');
INSERT INTO 账户(账户名,密码,权限) VALUES('as011','pwd011','stu');
INSERT INTO 账户(账户名,密码,权限) VALUES('as012','pwd012','stu');
INSERT INTO 账户(账户名,密码,权限) VALUES('as013','pwd013','stu');
INSERT INTO 账户(账户名,密码,权限) VALUES('as014','pwd014','stu');
INSERT INTO 账户(账户名,密码,权限) VALUES('as015','pwd015','stu');
INSERT INTO 账户(账户名,密码,权限) VALUES('as016','pwd016','stu');
INSERT INTO 账户(账户名,密码,权限) VALUES('as017','pwd017','stu');
INSERT INTO 账户(账户名,密码,权限) VALUES('as018','pwd018','stu');
INSERT INTO 账户(账户名,密码,权限) VALUES('as019','pwd019','stu');
INSERT INTO 账户(账户名,密码,权限) VALUES('as020','pwd020','stu');
INSERT INTO 账户(账户名,密码,权限) VALUES('as021','pwd021','stu');
INSERT INTO 账户(账户名,密码,权限) VALUES('as022','pwd022','stu');
INSERT INTO 账户(账户名,密码,权限) VALUES('as023','pwd023','stu');
INSERT INTO 账户(账户名,密码,权限) VALUES('as024','pwd024','stu');
INSERT INTO 账户(账户名,密码,权限) VALUES('as025','pwd025','stu');
INSERT INTO 账户(账户名,密码,权限) VALUES('as026','pwd026','stu');
INSERT INTO 账户(账户名,密码,权限) VALUES('as027','pwd027','stu');
INSERT INTO 账户(账户名,密码,权限) VALUES('as028','pwd028','stu');
INSERT INTO 账户(账户名,密码,权限) VALUES('as029','pwd029','stu');
INSERT INTO 账户(账户名,密码,权限) VALUES('as030','pwd030','stu');
INSERT INTO 账户(账户名,密码,权限) VALUES('as031','pwd031','stu');
INSERT INTO 账户(账户名,密码,权限) VALUES('as032','pwd032','stu');
INSERT INTO 账户(账户名,密码,权限) VALUES('as033','pwd033','stu');
INSERT INTO 账户(账户名,密码,权限) VALUES('as034','pwd034','stu');
INSERT INTO 账户(账户名,密码,权限) VALUES('as035','pwd035','stu');
INSERT INTO 账户(账户名,密码,权限) VALUES('as036','pwd036','stu');
INSERT INTO 账户(账户名,密码,权限) VALUES('as037','pwd037','stu');
INSERT INTO 账户(账户名,密码,权限) VALUES('as038','pwd038','stu');
INSERT INTO 账户(账户名,密码,权限) VALUES('as039','pwd039','stu');
INSERT INTO 账户(账户名,密码,权限) VALUES('as040','pwd040','stu');
INSERT INTO 账户(账户名,密码,权限) VALUES('as041','pwd041','stu');
INSERT INTO 账户(账户名,密码,权限) VALUES('as042','pwd042','stu');
INSERT INTO 账户(账户名,密码,权限) VALUES('as043','pwd043','stu');
INSERT INTO 账户(账户名,密码,权限) VALUES('as044','pwd044','stu');
INSERT INTO 账户(账户名,密码,权限) VALUES('as045','pwd045','stu');
INSERT INTO 账户(账户名,密码,权限) VALUES('as046','pwd046','stu');
INSERT INTO 账户(账户名,密码,权限) VALUES('as047','pwd047','stu');
INSERT INTO 账户(账户名,密码,权限) VALUES('as048','pwd048','stu');
INSERT INTO 账户(账户名,密码,权限) VALUES('as049','pwd049','stu');
INSERT INTO 账户(账户名,密码,权限) VALUES('as050','pwd050','stu');
INSERT INTO 账户(账户名,密码,权限) VALUES('admin','admin1','adm');
INSERT INTO 学生(学号,姓名,性别,院系,关联账户) VALUES('AS001','张敏','男','计算机','as001');
INSERT INTO 学生(学号,姓名,性别,院系,关联账户) VALUES('AS002','陈洋','男','计算机','as002');
INSERT INTO 学生(学号,姓名,性别,院系,关联账户) VALUES('AS003','刘霞','男','计算机','as003');
INSERT INTO 学生(学号,姓名,性别,院系,关联账户) VALUES('AS004','赵娜','女','计算机','as004');
INSERT INTO 学生(学号,姓名,性别,院系,关联账户) VALUES('AS005','杨艳','女','计算机','as005');
INSERT INTO 学生(学号,姓名,性别,院系,关联账户) VALUES('AS006','李超','男','计算机','as006');
INSERT INTO 学生(学号,姓名,性别,院系,关联账户) VALUES('AS007','赵军','男','计算机','as007');
INSERT INTO 学生(学号,姓名,性别,院系,关联账户) VALUES('AS008','赵丽','女','计算机','as008');
INSERT INTO 学生(学号,姓名,性别,院系,关联账户) VALUES('AS009','赵芳','女','计算机','as009');
INSERT INTO 学生(学号,姓名,性别,院系,关联账户) VALUES('AS010','周强','女','计算机','as010');
INSERT INTO 学生(学号,姓名,性别,院系,关联账户) VALUES('AS011','张超','女','计算机','as011');
INSERT INTO 学生(学号,姓名,性别,院系,关联账户) VALUES('AS012','刘秀兰','女','计算机','as012');
INSERT INTO 学生(学号,姓名,性别,院系,关联账户) VALUES('AS013','李杰','男','计算机','as013');
INSERT INTO 学生(学号,姓名,性别,院系,关联账户) VALUES('AS014','陈平','男','计算机','as014');
INSERT INTO 学生(学号,姓名,性别,院系,关联账户) VALUES('AS015','赵秀兰','男','计算机','as015');
INSERT INTO 学生(学号,姓名,性别,院系,关联账户) VALUES('AS016','陈强','男','计算机','as016');
INSERT INTO 学生(学号,姓名,性别,院系,关联账户) VALUES('AS017','黄敏','女','计算机','as017');
INSERT INTO 学生(学号,姓名,性别,院系,关联账户) VALUES('AS018','张霞','女','计算机','as018');
INSERT INTO 学生(学号,姓名,性别,院系,关联账户) VALUES('AS019','张洋','男','计算机','as019');
INSERT INTO 学生(学号,姓名,性别,院系,关联账户) VALUES('AS020','吴芳','男','计算机','as020');
INSERT INTO 学生(学号,姓名,性别,院系,关联账户) VALUES('AS021','黄平','女','计算机','as021');
INSERT INTO 学生(学号,姓名,性别,院系,关联账户) VALUES('AS022','王涛','男','计算机','as022');
INSERT INTO 学生(学号,姓名,性别,院系,关联账户) VALUES('AS023','周平','男','计算机','as023');
INSERT INTO 学生(学号,姓名,性别,院系,关联账户) VALUES('AS024','吴洋','女','计算机','as024');
INSERT INTO 学生(学号,姓名,性别,院系,关联账户) VALUES('AS025','赵军','女','计算机','as025');
INSERT INTO 学生(学号,姓名,性别,院系,关联账户) VALUES('AS026','赵丽','男','计算机','as026');
INSERT INTO 学生(学号,姓名,性别,院系,关联账户) VALUES('AS027','刘杰','女','计算机','as027');
INSERT INTO 学生(学号,姓名,性别,院系,关联账户) VALUES('AS028','陈敏','女','计算机','as028');
INSERT INTO 学生(学号,姓名,性别,院系,关联账户) VALUES('AS029','黄杰','男','计算机','as029');
INSERT INTO 学生(学号,姓名,性别,院系,关联账户) VALUES('AS030','陈霞','男','计算机','as030');
INSERT INTO 学生(学号,姓名,性别,院系,关联账户) VALUES('AS031','黄超','女','计算机','as031');
INSERT INTO 学生(学号,姓名,性别,院系,关联账户) VALUES('AS032','刘平','男','计算机','as032');
INSERT INTO 学生(学号,姓名,性别,院系,关联账户) VALUES('AS033','吴超','女','计算机','as033');
INSERT INTO 学生(学号,姓名,性别,院系,关联账户) VALUES('AS034','周洋','女','计算机','as034');
INSERT INTO 学生(学号,姓名,性别,院系,关联账户) VALUES('AS035','李军','男','计算机','as035');
INSERT INTO 学生(学号,姓名,性别,院系,关联账户) VALUES('AS036','王军','女','计算机','as036');
INSERT INTO 学生(学号,姓名,性别,院系,关联账户) VALUES('AS037','刘娜','女','计算机','as037');
INSERT INTO 学生(学号,姓名,性别,院系,关联账户) VALUES('AS038','陈秀兰','女','计算机','as038');
INSERT INTO 学生(学号,姓名,性别,院系,关联账户) VALUES('AS039','王洋','男','计算机','as039');
INSERT INTO 学生(学号,姓名,性别,院系,关联账户) VALUES('AS040','刘丽','女','计算机','as040');
INSERT INTO 学生(学号,姓名,性别,院系,关联账户) VALUES('AS041','杨磊','男','计算机','as041');
INSERT INTO 学生(学号,姓名,性别,院系,关联账户) VALUES('AS042','赵艳','女','计算机','as042');
INSERT INTO 学生(学号,姓名,性别,院系,关联账户) VALUES('AS043','李敏','男','计算机','as043');
INSERT INTO 学生(学号,姓名,性别,院系,关联账户) VALUES('AS044','李艳','男','计算机','as044');
INSERT INTO 学生(学号,姓名,性别,院系,关联账户) VALUES('AS045','周艳','男','计算机','as045');
INSERT INTO 学生(学号,姓名,性别,院系,关联账户) VALUES('AS046','周秀英','男','计算机','as046');
INSERT INTO 学生(学号,姓名,性别,院系,关联账户) VALUES('AS047','黄杰','女','计算机','as047');
INSERT INTO 学生(学号,姓名,性别,院系,关联账户) VALUES('AS048','黄芳','男','计算机','as048');
INSERT INTO 学生(学号,姓名,性别,院系,关联账户) VALUES('AS049','陈敏','女','计算机','as049');
INSERT INTO 学生(学号,姓名,性别,院系,关联账户) VALUES('AS050','赵强','女','计算机','as050');
INSERT INTO 课程(课程编号,课程名称,课时,学分,授课老师,授课地点,共享) VALUES('AC001','数据库原理',41,4.0,'老师1','A101','Y');
INSERT INTO 课程(课程编号,课程名称,课时,学分,授课老师,授课地点,共享) VALUES('AC002','编译原理',36,2.0,'老师2','A102','Y');
INSERT INTO 课程(课程编号,课程名称,课时,学分,授课老师,授课地点,共享) VALUES('AC003','操作系统',37,3.0,'老师3','A103','Y');
INSERT INTO 课程(课程编号,课程名称,课时,学分,授课老师,授课地点,共享) VALUES('AC004','算法分析',38,4.0,'老师1','A104','Y');
INSERT INTO 课程(课程编号,课程名称,课时,学分,授课老师,授课地点,共享) VALUES('AC005','计算机网络',42,2.0,'老师2','A105','N');
INSERT INTO 课程(课程编号,课程名称,课时,学分,授课老师,授课地点,共享) VALUES('AC006','软件工程',39,2.0,'老师3','A106','N');
INSERT INTO 课程(课程编号,课程名称,课时,学分,授课老师,授课地点,共享) VALUES('AC007','人工智能',45,4.0,'老师1','A107','N');
INSERT INTO 课程(课程编号,课程名称,课时,学分,授课老师,授课地点,共享) VALUES('AC008','机器学习',37,2.0,'老师2','A108','N');
INSERT INTO 课程(课程编号,课程名称,课时,学分,授课老师,授课地点,共享) VALUES('AC009','离散数学',32,2.0,'老师3','A109','N');
INSERT INTO 课程(课程编号,课程名称,课时,学分,授课老师,授课地点,共享) VALUES('AC010','数据结构',32,3.0,'老师1','A110','N');
INSERT INTO 选课(课程编号,学生编号,来源) VALUES('AC004','AS001','A');
INSERT INTO 选课(课程编号,学生编号,来源) VALUES('AC003','AS001','A');
INSERT INTO 选课(课程编号,学生编号,来源) VALUES('AC001','AS001','A');
INSERT INTO 选课(课程编号,学生编号,来源) VALUES('AC006','AS001','A');
INSERT INTO 选课(课程编号,学生编号,来源) VALUES('AC007','AS001','A');
INSERT INTO 选课(课程编号,学生编号,来源) VALUES('AC009','AS002','A');
INSERT INTO 选课(课程编号,学生编号,来源) VALUES('AC004','AS002','A');
INSERT INTO 选课(课程编号,学生编号,来源) VALUES('AC008','AS002','A');
INSERT INTO 选课(课程编号,学生编号,来源) VALUES('AC006','AS002','A');
INSERT INTO 选课(课程编号,学生编号,来源) VALUES('AC005','AS002','A');
INSERT INTO 选课(课程编号,学生编号,来源) VALUES('AC002','AS003','A');
INSERT INTO 选课(课程编号,学生编号,来源) VALUES('AC005','AS003','A');
INSERT INTO 选课(课程编号,学生编号,来源) VALUES('AC006','AS003','A');
INSERT INTO 选课(课程编号,学生编号,来源) VALUES('AC001','AS003','A');
INSERT INTO 选课(课程编号,学生编号,来源) VALUES('AC008','AS003','A');
INSERT INTO 选课(课程编号,学生编号,来源) VALUES('AC001','AS004','A');
INSERT INTO 选课(课程编号,学生编号,来源) VALUES('AC007','AS004','A');
INSERT INTO 选课(课程编号,学生编号,来源) VALUES('AC006','AS004','A');
INSERT INTO 选课(课程编号,学生编号,来源) VALUES('AC005','AS004','A');
INSERT INTO 选课(课程编号,学生编号,来源) VALUES('AC010','AS004','A');
INSERT INTO 选课(课程编号,学生编号,来源) VALUES('AC006','AS005','A');
INSERT INTO 选课(课程编号,学生编号,来源) VALUES('AC005','AS005','A');
INSERT INTO 选课(课程编号,学生编号,来源) VALUES('AC002','AS005','A');
INSERT INTO 选课(课程编号,学生编号,来源) VALUES('AC010','AS005','A');
INSERT INTO 选课(课程编号,学生编号,来源) VALUES('AC004','AS005','A');
INSERT INTO 选课(课程编号,学生编号,来源) VALUES('AC009','AS006','A');
INSERT INTO 选课(课程编号,学生编号,来源) VALUES('AC005','AS006','A');
INSERT INTO 选课(课程编号,学生编号,来源) VALUES('AC008','AS006','A');
INSERT INTO 选课(课程编号,学生编号,来源) VALUES('AC007','AS006','A');
INSERT INTO 选课(课程编号,学生编号,来源) VALUES('AC001','AS006','A');
INSERT INTO 选课(课程编号,学生编号,来源) VALUES('AC007','AS007','A');
INSERT INTO 选课(课程编号,学生编号,来源) VALUES('AC006','AS007','A');
INSERT INTO 选课(课程编号,学生编号,来源) VALUES('AC010','AS007','A');
INSERT INTO 选课(课程编号,学生编号,来源) VALUES('AC002','AS007','A');
INSERT INTO 选课(课程编号,学生编号,来源) VALUES('AC003','AS007','A');
INSERT INTO 选课(课程编号,学生编号,来源) VALUES('AC005','AS008','A');
INSERT INTO 选课(课程编号,学生编号,来源) VALUES('AC010','AS008','A');
INSERT INTO 选课(课程编号,学生编号,来源) VALUES('AC006','AS008','A');
INSERT INTO 选课(课程编号,学生编号,来源) VALUES('AC003','AS008','A');
INSERT INTO 选课(课程编号,学生编号,来源) VALUES('AC004','AS008','A');
INSERT INTO 选课(课程编号,学生编号,来源) VALUES('AC007','AS009','A');
INSERT INTO 选课(课程编号,学生编号,来源) VALUES('AC004','AS009','A');
INSERT INTO 选课(课程编号,学生编号,来源) VALUES('AC005','AS009','A');
INSERT INTO 选课(课程编号,学生编号,来源) VALUES('AC008','AS009','A');
INSERT INTO 选课(课程编号,学生编号,来源) VALUES('AC006','AS009','A');
INSERT INTO 选课(课程编号,学生编号,来源) VALUES('AC009','AS010','A');
INSERT INTO 选课(课程编号,学生编号,来源) VALUES('AC008','AS010','A');
INSERT INTO 选课(课程编号,学生编号,来源) VALUES('AC007','AS010','A');
INSERT INTO 选课(课程编号,学生编号,来源) VALUES('AC010','AS010','A');
INSERT INTO 选课(课程编号,学生编号,来源) VALUES('AC005','AS010','A');
INSERT INTO 选课(课程编号,学生编号,来源) VALUES('AC010','AS011','A');
INSERT INTO 选课(课程编号,学生编号,来源) VALUES('AC002','AS011','A');
INSERT INTO 选课(课程编号,学生编号,来源) VALUES('AC004','AS011','A');
INSERT INTO 选课(课程编号,学生编号,来源) VALUES('AC008','AS011','A');
INSERT INTO 选课(课程编号,学生编号,来源) VALUES('AC003','AS011','A');
INSERT INTO 选课(课程编号,学生编号,来源) VALUES('AC004','AS012','A');
INSERT INTO 选课(课程编号,学生编号,来源) VALUES('AC003','AS012','A');
INSERT INTO 选课(课程编号,学生编号,来源) VALUES('AC010','AS012','A');
INSERT INTO 选课(课程编号,学生编号,来源) VALUES('AC008','AS012','A');
INSERT INTO 选课(课程编号,学生编号,来源) VALUES('AC001','AS012','A');
INSERT INTO 选课(课程编号,学生编号,来源) VALUES('AC005','AS013','A');
INSERT INTO 选课(课程编号,学生编号,来源) VALUES('AC002','AS013','A');
INSERT INTO 选课(课程编号,学生编号,来源) VALUES('AC007','AS013','A');
INSERT INTO 选课(课程编号,学生编号,来源) VALUES('AC010','AS013','A');
INSERT INTO 选课(课程编号,学生编号,来源) VALUES('AC003','AS013','A');
INSERT INTO 选课(课程编号,学生编号,来源) VALUES('AC002','AS014','A');
INSERT INTO 选课(课程编号,学生编号,来源) VALUES('AC004','AS014','A');
INSERT INTO 选课(课程编号,学生编号,来源) VALUES('AC003','AS014','A');
INSERT INTO 选课(课程编号,学生编号,来源) VALUES('AC006','AS014','A');
INSERT INTO 选课(课程编号,学生编号,来源) VALUES('AC008','AS014','A');
INSERT INTO 选课(课程编号,学生编号,来源) VALUES('AC003','AS015','A');
INSERT INTO 选课(课程编号,学生编号,来源) VALUES('AC010','AS015','A');
INSERT INTO 选课(课程编号,学生编号,来源) VALUES('AC001','AS015','A');
INSERT INTO 选课(课程编号,学生编号,来源) VALUES('AC007','AS015','A');
INSERT INTO 选课(课程编号,学生编号,来源) VALUES('AC008','AS015','A');
INSERT INTO 选课(课程编号,学生编号,来源) VALUES('AC007','AS016','A');
INSERT INTO 选课(课程编号,学生编号,来源) VALUES('AC005','AS016','A');
INSERT INTO 选课(课程编号,学生编号,来源) VALUES('AC009','AS016','A');
INSERT INTO 选课(课程编号,学生编号,来源) VALUES('AC008','AS016','A');
INSERT INTO 选课(课程编号,学生编号,来源) VALUES('AC001','AS016','A');
INSERT INTO 选课(课程编号,学生编号,来源) VALUES('AC007','AS017','A');
INSERT INTO 选课(课程编号,学生编号,来源) VALUES('AC005','AS017','A');
INSERT INTO 选课(课程编号,学生编号,来源) VALUES('AC002','AS017','A');
INSERT INTO 选课(课程编号,学生编号,来源) VALUES('AC009','AS017','A');
INSERT INTO 选课(课程编号,学生编号,来源) VALUES('AC001','AS017','A');
INSERT INTO 选课(课程编号,学生编号,来源) VALUES('AC005','AS018','A');
INSERT INTO 选课(课程编号,学生编号,来源) VALUES('AC001','AS018','A');
INSERT INTO 选课(课程编号,学生编号,来源) VALUES('AC009','AS018','A');
INSERT INTO 选课(课程编号,学生编号,来源) VALUES('AC007','AS018','A');
INSERT INTO 选课(课程编号,学生编号,来源) VALUES('AC008','AS018','A');
INSERT INTO 选课(课程编号,学生编号,来源) VALUES('AC007','AS019','A');
INSERT INTO 选课(课程编号,学生编号,来源) VALUES('AC006','AS019','A');
INSERT INTO 选课(课程编号,学生编号,来源) VALUES('AC009','AS019','A');
INSERT INTO 选课(课程编号,学生编号,来源) VALUES('AC003','AS019','A');
INSERT INTO 选课(课程编号,学生编号,来源) VALUES('AC004','AS019','A');
INSERT INTO 选课(课程编号,学生编号,来源) VALUES('AC002','AS020','A');
INSERT INTO 选课(课程编号,学生编号,来源) VALUES('AC004','AS020','A');
INSERT INTO 选课(课程编号,学生编号,来源) VALUES('AC001','AS020','A');
INSERT INTO 选课(课程编号,学生编号,来源) VALUES('AC009','AS020','A');
INSERT INTO 选课(课程编号,学生编号,来源) VALUES('AC006','AS020','A');
INSERT INTO 选课(课程编号,学生编号,来源) VALUES('AC002','AS021','A');
INSERT INTO 选课(课程编号,学生编号,来源) VALUES('AC006','AS021','A');
INSERT INTO 选课(课程编号,学生编号,来源) VALUES('AC004','AS021','A');
INSERT INTO 选课(课程编号,学生编号,来源) VALUES('AC009','AS021','A');
INSERT INTO 选课(课程编号,学生编号,来源) VALUES('AC007','AS021','A');
INSERT INTO 选课(课程编号,学生编号,来源) VALUES('AC006','AS022','A');
INSERT INTO 选课(课程编号,学生编号,来源) VALUES('AC001','AS022','A');
INSERT INTO 选课(课程编号,学生编号,来源) VALUES('AC007','AS022','A');
INSERT INTO 选课(课程编号,学生编号,来源) VALUES('AC008','AS022','A');
INSERT INTO 选课(课程编号,学生编号,来源) VALUES('AC002','AS022','A');
INSERT INTO 选课(课程编号,学生编号,来源) VALUES('AC001','AS023','A');
INSERT INTO 选课(课程编号,学生编号,来源) VALUES('AC003','AS023','A');
INSERT INTO 选课(课程编号,学生编号,来源) VALUES('AC004','AS023','A');
INSERT INTO 选课(课程编号,学生编号,来源) VALUES('AC009','AS023','A');
INSERT INTO 选课(课程编号,学生编号,来源) VALUES('AC002','AS023','A');
INSERT INTO 选课(课程编号,学生编号,来源) VALUES('AC008','AS024','A');
INSERT INTO 选课(课程编号,学生编号,来源) VALUES('AC007','AS024','A');
INSERT INTO 选课(课程编号,学生编号,来源) VALUES('AC004','AS024','A');
INSERT INTO 选课(课程编号,学生编号,来源) VALUES('AC001','AS024','A');
INSERT INTO 选课(课程编号,学生编号,来源) VALUES('AC006','AS024','A');
INSERT INTO 选课(课程编号,学生编号,来源) VALUES('AC005','AS025','A');
INSERT INTO 选课(课程编号,学生编号,来源) VALUES('AC008','AS025','A');
INSERT INTO 选课(课程编号,学生编号,来源) VALUES('AC004','AS025','A');
INSERT INTO 选课(课程编号,学生编号,来源) VALUES('AC006','AS025','A');
INSERT INTO 选课(课程编号,学生编号,来源) VALUES('AC001','AS025','A');
INSERT INTO 选课(课程编号,学生编号,来源) VALUES('AC006','AS026','A');
INSERT INTO 选课(课程编号,学生编号,来源) VALUES('AC003','AS026','A');
INSERT INTO 选课(课程编号,学生编号,来源) VALUES('AC010','AS026','A');
INSERT INTO 选课(课程编号,学生编号,来源) VALUES('AC009','AS026','A');
INSERT INTO 选课(课程编号,学生编号,来源) VALUES('AC004','AS026','A');
INSERT INTO 选课(课程编号,学生编号,来源) VALUES('AC005','AS027','A');
INSERT INTO 选课(课程编号,学生编号,来源) VALUES('AC004','AS027','A');
INSERT INTO 选课(课程编号,学生编号,来源) VALUES('AC007','AS027','A');
INSERT INTO 选课(课程编号,学生编号,来源) VALUES('AC002','AS027','A');
INSERT INTO 选课(课程编号,学生编号,来源) VALUES('AC003','AS027','A');
INSERT INTO 选课(课程编号,学生编号,来源) VALUES('AC003','AS028','A');
INSERT INTO 选课(课程编号,学生编号,来源) VALUES('AC010','AS028','A');
INSERT INTO 选课(课程编号,学生编号,来源) VALUES('AC002','AS028','A');
INSERT INTO 选课(课程编号,学生编号,来源) VALUES('AC008','AS028','A');
INSERT INTO 选课(课程编号,学生编号,来源) VALUES('AC007','AS028','A');
INSERT INTO 选课(课程编号,学生编号,来源) VALUES('AC007','AS029','A');
INSERT INTO 选课(课程编号,学生编号,来源) VALUES('AC002','AS029','A');
INSERT INTO 选课(课程编号,学生编号,来源) VALUES('AC005','AS029','A');
INSERT INTO 选课(课程编号,学生编号,来源) VALUES('AC001','AS029','A');
INSERT INTO 选课(课程编号,学生编号,来源) VALUES('AC008','AS029','A');
INSERT INTO 选课(课程编号,学生编号,来源) VALUES('AC006','AS030','A');
INSERT INTO 选课(课程编号,学生编号,来源) VALUES('AC001','AS030','A');
INSERT INTO 选课(课程编号,学生编号,来源) VALUES('AC007','AS030','A');
INSERT INTO 选课(课程编号,学生编号,来源) VALUES('AC002','AS030','A');
INSERT INTO 选课(课程编号,学生编号,来源) VALUES('AC009','AS030','A');
INSERT INTO 选课(课程编号,学生编号,来源) VALUES('AC008','AS031','A');
INSERT INTO 选课(课程编号,学生编号,来源) VALUES('AC003','AS031','A');
INSERT INTO 选课(课程编号,学生编号,来源) VALUES('AC002','AS031','A');
INSERT INTO 选课(课程编号,学生编号,来源) VALUES('AC007','AS031','A');
INSERT INTO 选课(课程编号,学生编号,来源) VALUES('AC004','AS031','A');
INSERT INTO 选课(课程编号,学生编号,来源) VALUES('AC005','AS032','A');
INSERT INTO 选课(课程编号,学生编号,来源) VALUES('AC009','AS032','A');
INSERT INTO 选课(课程编号,学生编号,来源) VALUES('AC007','AS032','A');
INSERT INTO 选课(课程编号,学生编号,来源) VALUES('AC004','AS032','A');
INSERT INTO 选课(课程编号,学生编号,来源) VALUES('AC006','AS032','A');
INSERT INTO 选课(课程编号,学生编号,来源) VALUES('AC007','AS033','A');
INSERT INTO 选课(课程编号,学生编号,来源) VALUES('AC006','AS033','A');
INSERT INTO 选课(课程编号,学生编号,来源) VALUES('AC001','AS033','A');
INSERT INTO 选课(课程编号,学生编号,来源) VALUES('AC010','AS033','A');
INSERT INTO 选课(课程编号,学生编号,来源) VALUES('AC008','AS033','A');
INSERT INTO 选课(课程编号,学生编号,来源) VALUES('AC007','AS034','A');
INSERT INTO 选课(课程编号,学生编号,来源) VALUES('AC006','AS034','A');
INSERT INTO 选课(课程编号,学生编号,来源) VALUES('AC008','AS034','A');
INSERT INTO 选课(课程编号,学生编号,来源) VALUES('AC009','AS034','A');
INSERT INTO 选课(课程编号,学生编号,来源) VALUES('AC003','AS034','A');
INSERT INTO 选课(课程编号,学生编号,来源) VALUES('AC002','AS035','A');
INSERT INTO 选课(课程编号,学生编号,来源) VALUES('AC009','AS035','A');
INSERT INTO 选课(课程编号,学生编号,来源) VALUES('AC003','AS035','A');
INSERT INTO 选课(课程编号,学生编号,来源) VALUES('AC005','AS035','A');
INSERT INTO 选课(课程编号,学生编号,来源) VALUES('AC004','AS035','A');
INSERT INTO 选课(课程编号,学生编号,来源) VALUES('AC003','AS036','A');
INSERT INTO 选课(课程编号,学生编号,来源) VALUES('AC007','AS036','A');
INSERT INTO 选课(课程编号,学生编号,来源) VALUES('AC010','AS036','A');
INSERT INTO 选课(课程编号,学生编号,来源) VALUES('AC009','AS036','A');
INSERT INTO 选课(课程编号,学生编号,来源) VALUES('AC001','AS036','A');
INSERT INTO 选课(课程编号,学生编号,来源) VALUES('AC008','AS037','A');
INSERT INTO 选课(课程编号,学生编号,来源) VALUES('AC001','AS037','A');
INSERT INTO 选课(课程编号,学生编号,来源) VALUES('AC009','AS037','A');
INSERT INTO 选课(课程编号,学生编号,来源) VALUES('AC003','AS037','A');
INSERT INTO 选课(课程编号,学生编号,来源) VALUES('AC010','AS037','A');
INSERT INTO 选课(课程编号,学生编号,来源) VALUES('AC002','AS038','A');
INSERT INTO 选课(课程编号,学生编号,来源) VALUES('AC007','AS038','A');
INSERT INTO 选课(课程编号,学生编号,来源) VALUES('AC003','AS038','A');
INSERT INTO 选课(课程编号,学生编号,来源) VALUES('AC001','AS038','A');
INSERT INTO 选课(课程编号,学生编号,来源) VALUES('AC008','AS038','A');
INSERT INTO 选课(课程编号,学生编号,来源) VALUES('AC001','AS039','A');
INSERT INTO 选课(课程编号,学生编号,来源) VALUES('AC003','AS039','A');
INSERT INTO 选课(课程编号,学生编号,来源) VALUES('AC008','AS039','A');
INSERT INTO 选课(课程编号,学生编号,来源) VALUES('AC010','AS039','A');
INSERT INTO 选课(课程编号,学生编号,来源) VALUES('AC006','AS039','A');
INSERT INTO 选课(课程编号,学生编号,来源) VALUES('AC004','AS040','A');
INSERT INTO 选课(课程编号,学生编号,来源) VALUES('AC002','AS040','A');
INSERT INTO 选课(课程编号,学生编号,来源) VALUES('AC001','AS040','A');
INSERT INTO 选课(课程编号,学生编号,来源) VALUES('AC010','AS040','A');
INSERT INTO 选课(课程编号,学生编号,来源) VALUES('AC007','AS040','A');
INSERT INTO 选课(课程编号,学生编号,来源) VALUES('AC002','AS041','A');
INSERT INTO 选课(课程编号,学生编号,来源) VALUES('AC003','AS041','A');
INSERT INTO 选课(课程编号,学生编号,来源) VALUES('AC007','AS041','A');
INSERT INTO 选课(课程编号,学生编号,来源) VALUES('AC004','AS041','A');
INSERT INTO 选课(课程编号,学生编号,来源) VALUES('AC009','AS041','A');
INSERT INTO 选课(课程编号,学生编号,来源) VALUES('AC004','AS042','A');
INSERT INTO 选课(课程编号,学生编号,来源) VALUES('AC010','AS042','A');
INSERT INTO 选课(课程编号,学生编号,来源) VALUES('AC009','AS042','A');
INSERT INTO 选课(课程编号,学生编号,来源) VALUES('AC006','AS042','A');
INSERT INTO 选课(课程编号,学生编号,来源) VALUES('AC007','AS042','A');
INSERT INTO 选课(课程编号,学生编号,来源) VALUES('AC006','AS043','A');
INSERT INTO 选课(课程编号,学生编号,来源) VALUES('AC010','AS043','A');
INSERT INTO 选课(课程编号,学生编号,来源) VALUES('AC003','AS043','A');
INSERT INTO 选课(课程编号,学生编号,来源) VALUES('AC005','AS043','A');
INSERT INTO 选课(课程编号,学生编号,来源) VALUES('AC007','AS043','A');
INSERT INTO 选课(课程编号,学生编号,来源) VALUES('AC003','AS044','A');
INSERT INTO 选课(课程编号,学生编号,来源) VALUES('AC001','AS044','A');
INSERT INTO 选课(课程编号,学生编号,来源) VALUES('AC009','AS044','A');
INSERT INTO 选课(课程编号,学生编号,来源) VALUES('AC005','AS044','A');
INSERT INTO 选课(课程编号,学生编号,来源) VALUES('AC007','AS044','A');
INSERT INTO 选课(课程编号,学生编号,来源) VALUES('AC002','AS045','A');
INSERT INTO 选课(课程编号,学生编号,来源) VALUES('AC006','AS045','A');
INSERT INTO 选课(课程编号,学生编号,来源) VALUES('AC004','AS045','A');
INSERT INTO 选课(课程编号,学生编号,来源) VALUES('AC005','AS045','A');
INSERT INTO 选课(课程编号,学生编号,来源) VALUES('AC003','AS045','A');
INSERT INTO 选课(课程编号,学生编号,来源) VALUES('AC004','AS046','A');
INSERT INTO 选课(课程编号,学生编号,来源) VALUES('AC007','AS046','A');
INSERT INTO 选课(课程编号,学生编号,来源) VALUES('AC001','AS046','A');
INSERT INTO 选课(课程编号,学生编号,来源) VALUES('AC009','AS046','A');
INSERT INTO 选课(课程编号,学生编号,来源) VALUES('AC002','AS046','A');
INSERT INTO 选课(课程编号,学生编号,来源) VALUES('AC001','AS047','A');
INSERT INTO 选课(课程编号,学生编号,来源) VALUES('AC009','AS047','A');
INSERT INTO 选课(课程编号,学生编号,来源) VALUES('AC008','AS047','A');
INSERT INTO 选课(课程编号,学生编号,来源) VALUES('AC002','AS047','A');
INSERT INTO 选课(课程编号,学生编号,来源) VALUES('AC004','AS047','A');
INSERT INTO 选课(课程编号,学生编号,来源) VALUES('AC006','AS048','A');
INSERT INTO 选课(课程编号,学生编号,来源) VALUES('AC005','AS048','A');
INSERT INTO 选课(课程编号,学生编号,来源) VALUES('AC002','AS048','A');
INSERT INTO 选课(课程编号,学生编号,来源) VALUES('AC001','AS048','A');
INSERT INTO 选课(课程编号,学生编号,来源) VALUES('AC008','AS048','A');
INSERT INTO 选课(课程编号,学生编号,来源) VALUES('AC003','AS049','A');
INSERT INTO 选课(课程编号,学生编号,来源) VALUES('AC002','AS049','A');
INSERT INTO 选课(课程编号,学生编号,来源) VALUES('AC001','AS049','A');
INSERT INTO 选课(课程编号,学生编号,来源) VALUES('AC008','AS049','A');
INSERT INTO 选课(课程编号,学生编号,来源) VALUES('AC006','AS049','A');
INSERT INTO 选课(课程编号,学生编号,来源) VALUES('AC001','AS050','A');
INSERT INTO 选课(课程编号,学生编号,来源) VALUES('AC005','AS050','A');
INSERT INTO 选课(课程编号,学生编号,来源) VALUES('AC008','AS050','A');
INSERT INTO 选课(课程编号,学生编号,来源) VALUES('AC007','AS050','A');
INSERT INTO 选课(课程编号,学生编号,来源) VALUES('AC009','AS050','A');
