INSERT INTO 账户(账户名,密码,级别) VALUES('bs001','pwd001',1);
INSERT INTO 账户(账户名,密码,级别) VALUES('bs002','pwd002',1);
INSERT INTO 账户(账户名,密码,级别) VALUES('bs003','pwd003',1);
INSERT INTO 账户(账户名,密码,级别) VALUES('bs004','pwd004',1);
INSERT INTO 账户(账户名,密码,级别) VALUES('bs005','pwd005',1);
INSERT INTO 账户(账户名,密码,级别) VALUES('bs006','pwd006',1);
INSERT INTO 账户(账户名,密码,级别) VALUES('bs007','pwd007',1);
INSERT INTO 账户(账户名,密码,级别) VALUES('bs008','pwd008',1);
INSERT INTO 账户(账户名,密码,级别) VALUES('bs009','pwd009',1);
INSERT INTO 账户(账户名,密码,级别) VALUES('bs010','pwd010',1);
INSERT INTO 账户(账户名,密码,级别) VALUES('bs011','pwd011',1);
INSERT INTO 账户(账户名,密码,级别) VALUES('bs012','pwd012',1);
INSERT INTO 账户(账户名,密码,级别) VALUES('bs013','pwd013',1);
INSERT INTO 账户(账户名,密码,级别) VALUES('bs014','pwd014',1);
INSERT INTO 账户(账户名,密码,级别) VALUES('bs015','pwd015',1);
INSERT INTO 账户(账户名,密码,级别) VALUES('bs016','pwd016',1);
INSERT INTO 账户(账户名,密码,级别) VALUES('bs017','pwd017',1);
INSERT INTO 账户(账户名,密码,级别) VALUES('bs018','pwd018',1);
INSERT INTO 账户(账户名,密码,级别) VALUES('bs019','pwd019',1);
INSERT INTO 账户(账户名,密码,级别) VALUES('bs020','pwd020',1);
INSERT INTO 账户(账户名,密码,级别) VALUES('bs021','pwd021',1);
INSERT INTO 账户(账户名,密码,级别) VALUES('bs022','pwd022',1);
INSERT INTO 账户(账户名,密码,级别) VALUES('bs023','pwd023',1);
INSERT INTO 账户(账户名,密码,级别) VALUES('bs024','pwd024',1);
INSERT INTO 账户(账户名,密码,级别) VALUES('bs025','pwd025',1);
INSERT INTO 账户(账户名,密码,级别) VALUES('bs026','pwd026',1);
INSERT INTO 账户(账户名,密码,级别) VALUES('bs027','pwd027',1);
INSERT INTO 账户(账户名,密码,级别) VALUES('bs028','pwd028',1);
INSERT INTO 账户(账户名,密码,级别) VALUES('bs029','pwd029',1);
INSERT INTO 账户(账户名,密码,级别) VALUES('bs030','pwd030',1);
INSERT INTO 账户(账户名,密码,级别) VALUES('bs031','pwd031',1);
INSERT INTO 账户(账户名,密码,级别) VALUES('bs032','pwd032',1);
INSERT INTO 账户(账户名,密码,级别) VALUES('bs033','pwd033',1);
INSERT INTO 账户(账户名,密码,级别) VALUES('bs034','pwd034',1);
INSERT INTO 账户(账户名,密码,级别) VALUES('bs035','pwd035',1);
INSERT INTO 账户(账户名,密码,级别) VALUES('bs036','pwd036',1);
INSERT INTO 账户(账户名,密码,级别) VALUES('bs037','pwd037',1);
INSERT INTO 账户(账户名,密码,级别) VALUES('bs038','pwd038',1);
INSERT INTO 账户(账户名,密码,级别) VALUES('bs039','pwd039',1);
INSERT INTO 账户(账户名,密码,级别) VALUES('bs040','pwd040',1);
INSERT INTO 账户(账户名,密码,级别) VALUES('bs041','pwd041',1);
INSERT INTO 账户(账户名,密码,级别) VALUES('bs042','pwd042',1);
INSERT INTO 账户(账户名,密码,级别) VALUES('bs043','pwd043',1);
INSERT INTO 账户(账户名,密码,级别) VALUES('bs044','pwd044',1);
INSERT INTO 账户(账户名,密码,级别) VALUES('bs045','pwd045',1);
INSERT INTO 账户(账户名,密码,级别) VALUES('bs046','pwd046',1);
INSERT INTO 账户(账户名,密码,级别) VALUES('bs047','pwd047',1);
INSERT INTO 账户(账户名,密码,级别) VALUES('bs048','pwd048',1);
INSERT INTO 账户(账户名,密码,级别) VALUES('bs049','pwd049',1);
INSERT INTO 账户(账户名,密码,级别) VALUES('bs050','pwd050',1);
INSERT INTO 账户(账户名,密码,级别) VALUES('admin','admin1',5);
INSERT INTO 学生(学号,姓名,性别,专业,密码) VALUES('BS001','张敏','男','计算机','pwd001');
INSERT INTO 学生(学号,姓名,性别,专业,密码) VALUES('BS002','陈洋','男','计算机','pwd002');
INSERT INTO 学生(学号,姓名,性别,专业,密码) VALUES('BS003','刘霞','男','计算机','pwd003');
INSERT INTO 学生(学号,姓名,性别,专业,密码) VALUES('BS004','赵娜','女','计算机','pwd004');
INSERT INTO 学生(学号,姓名,性别,专业,密码) VALUES('BS005','杨艳','女','计算机','pwd005');
INSERT INTO 学生(学号,姓名,性别,专业,密码) VALUES('BS006','李超','男','计算机','pwd006');
INSERT INTO 学生(学号,姓名,性别,专业,密码) VALUES('BS007','赵军','男','计算机','pwd007');
INSERT INTO 学生(学号,姓名,性别,专业,密码) VALUES('BS008','赵丽','女','计算机','pwd008');
INSERT INTO 学生(学号,姓名,性别,专业,密码) VALUES('BS009','赵芳','女','计算机','pwd009');
INSERT INTO 学生(学号,姓名,性别,专业,密码) VALUES('BS010','周强','女','计算机','pwd010');
INSERT INTO 学生(学号,姓名,性别,专业,密码) VALUES('BS011','张超','女','计算机','pwd011');
INSERT INTO 学生(学号,姓名,性别,专业,密码) VALUES('BS012','刘秀兰','女','计算机','pwd012');
INSERT INTO 学生(学号,姓名,性别,专业,密码) VALUES('BS013','李杰','男','计算机','pwd013');
INSERT INTO 学生(学号,姓名,性别,专业,密码) VALUES('BS014','陈平','男','计算机','pwd014');
INSERT INTO 学生(学号,姓名,性别,专业,密码) VALUES('BS015','赵秀兰','男','计算机','pwd015');
INSERT INTO 学生(学号,姓名,性别,专业,密码) VALUES('BS016','陈强','男','计算机','pwd016');
INSERT INTO 学生(学号,姓名,性别,专业,密码) VALUES('BS017','黄敏','女','计算机','pwd017');
INSERT INTO 学生(学号,姓名,性别,专业,密码) VALUES('BS018','张霞','女','计算机','pwd018');
INSERT INTO 学生(学号,姓名,性别,专业,密码) VALUES('BS019','张洋','男','计算机','pwd019');
INSERT INTO 学生(学号,姓名,性别,专业,密码) VALUES('BS020','吴芳','男','计算机','pwd020');
INSERT INTO 学生(学号,姓名,性别,专业,密码) VALUES('BS021','黄平','女','计算机','pwd021');
INSERT INTO 学生(学号,姓名,性别,专业,密码) VALUES('BS022','王涛','男','计算机','pwd022');
INSERT INTO 学生(学号,姓名,性别,专业,密码) VALUES('BS023','周平','男','计算机','pwd023');
INSERT INTO 学生(学号,姓名,性别,专业,密码) VALUES('BS024','吴洋','女','计算机','pwd024');
INSERT INTO 学生(学号,姓名,性别,专业,密码) VALUES('BS025','赵军','女','计算机','pwd025');
INSERT INTO 学生(学号,姓名,性别,专业,密码) VALUES('BS026','赵丽','男','计算机','pwd026');
INSERT INTO 学生(学号,姓名,性别,专业,密码) VALUES('BS027','刘杰','女','计算机','pwd027');
INSERT INTO 学生(学号,姓名,性别,专业,密码) VALUES('BS028','陈敏','女','计算机','pwd028');
INSERT INTO 学生(学号,姓名,性别,专业,密码) VALUES('BS029','黄杰','男','计算机','pwd029');
INSERT INTO 学生(学号,姓名,性别,专业,密码) VALUES('BS030','陈霞','男','计算机','pwd030');
INSERT INTO 学生(学号,姓名,性别,专业,密码) VALUES('BS031','黄超','女','计算机','pwd031');
INSERT INTO 学生(学号,姓名,性别,专业,密码) VALUES('BS032','刘平','男','计算机','pwd032');
INSERT INTO 学生(学号,姓名,性别,专业,密码) VALUES('BS033','吴超','女','计算机','pwd033');
INSERT INTO 学生(学号,姓名,性别,专业,密码) VALUES('BS034','周洋','女','计算机','pwd034');
INSERT INTO 学生(学号,姓名,性别,专业,密码) VALUES('BS035','李军','男','计算机','pwd035');
INSERT INTO 学生(学号,姓名,性别,专业,密码) VALUES('BS036','王军','女','计算机','pwd036');
INSERT INTO 学生(学号,姓名,性别,专业,密码) VALUES('BS037','刘娜','女','计算机','pwd037');
INSERT INTO 学生(学号,姓名,性别,专业,密码) VALUES('BS038','陈秀兰','女','计算机','pwd038');
INSERT INTO 学生(学号,姓名,性别,专业,密码) VALUES('BS039','王洋','男','计算机','pwd039');
INSERT INTO 学生(学号,姓名,性别,专业,密码) VALUES('BS040','刘丽','女','计算机','pwd040');
INSERT INTO 学生(学号,姓名,性别,专业,密码) VALUES('BS041','杨磊','男','计算机','pwd041');
INSERT INTO 学生(学号,姓名,性别,专业,密码) VALUES('BS042','赵艳','女','计算机','pwd042');
INSERT INTO 学生(学号,姓名,性别,专业,密码) VALUES('BS043','李敏','男','计算机','pwd043');
INSERT INTO 学生(学号,姓名,性别,专业,密码) VALUES('BS044','李艳','男','计算机','pwd044');
INSERT INTO 学生(学号,姓名,性别,专业,密码) VALUES('BS045','周艳','男','计算机','pwd045');
INSERT INTO 学生(学号,姓名,性别,专业,密码) VALUES('BS046','周秀英','男','计算机','pwd046');
INSERT INTO 学生(学号,姓名,性别,专业,密码) VALUES('BS047','黄杰','女','计算机','pwd047');
INSERT INTO 学生(学号,姓名,性别,专业,密码) VALUES('BS048','黄芳','男','计算机','pwd048');
INSERT INTO 学生(学号,姓名,性别,专业,密码) VALUES('BS049','陈敏','女','计算机','pwd049');
INSERT INTO 学生(学号,姓名,性别,专业,密码) VALUES('BS050','赵强','女','计算机','pwd050');
INSERT INTO 课程(编号,名称,课时,学分,老师,地点,共享) VALUES('BC001','数据库原理',41,'4','老师1','B101','Y');
INSERT INTO 课程(编号,名称,课时,学分,老师,地点,共享) VALUES('BC002','编译原理',36,'2','老师2','B102','Y');
INSERT INTO 课程(编号,名称,课时,学分,老师,地点,共享) VALUES('BC003','操作系统',37,'3','老师3','B103','Y');
INSERT INTO 课程(编号,名称,课时,学分,老师,地点,共享) VALUES('BC004','算法分析',38,'4','老师1','B104','Y');
INSERT INTO 课程(编号,名称,课时,学分,老师,地点,共享) VALUES('BC005','计算机网络',42,'2','老师2','B105','N');
INSERT INTO 课程(编号,名称,课时,学分,老师,地点,共享) VALUES('BC006','软件工程',39,'2','老师3','B106','N');
INSERT INTO 课程(编号,名称,课时,学分,老师,地点,共享) VALUES('BC007','人工智能',45,'4','老师1','B107','N');
INSERT INTO 课程(编号,名称,课时,学分,老师,地点,共享) VALUES('BC008','机器学习',37,'2','老师2','B108','N');
INSERT INTO 课程(编号,名称,课时,学分,老师,地点,共享) VALUES('BC009','离散数学',32,'2','老师3','B109','N');
INSERT INTO 课程(编号,名称,课时,学分,老师,地点,共享) VALUES('BC010','数据结构',32,'3','老师1','B110','N');
INSERT INTO 选课(课程编号,学号) VALUES('BC004','BS001');
INSERT INTO 选课(课程编号,学号) VALUES('BC003','BS001');
INSERT INTO 选课(课程编号,学号) VALUES('BC001','BS001');
INSERT INTO 选课(课程编号,学号) VALUES('BC006','BS001');
INSERT INTO 选课(课程编号,学号) VALUES('BC007','BS001');
INSERT INTO 选课(课程编号,学号) VALUES('BC009','BS002');
INSERT INTO 选课(课程编号,学号) VALUES('BC004','BS002');
INSERT INTO 选课(课程编号,学号) VALUES('BC008','BS002');
INSERT INTO 选课(课程编号,学号) VALUES('BC006','BS002');
INSERT INTO 选课(课程编号,学号) VALUES('BC005','BS002');
INSERT INTO 选课(课程编号,学号) VALUES('BC002','BS003');
INSERT INTO 选课(课程编号,学号) VALUES('BC005','BS003');
INSERT INTO 选课(课程编号,学号) VALUES('BC006','BS003');
INSERT INTO 选课(课程编号,学号) VALUES('BC001','BS003');
INSERT INTO 选课(课程编号,学号) VALUES('BC008','BS003');
INSERT INTO 选课(课程编号,学号) VALUES('BC001','BS004');
INSERT INTO 选课(课程编号,学号) VALUES('BC007','BS004');
INSERT INTO 选课(课程编号,学号) VALUES('BC006','BS004');
INSERT INTO 选课(课程编号,学号) VALUES('BC005','BS004');
INSERT INTO 选课(课程编号,学号) VALUES('BC010','BS004');
INSERT INTO 选课(课程编号,学号) VALUES('BC006','BS005');
INSERT INTO 选课(课程编号,学号) VALUES('BC005','BS005');
INSERT INTO 选课(课程编号,学号) VALUES('BC002','BS005');
INSERT INTO 选课(课程编号,学号) VALUES('BC010','BS005');
INSERT INTO 选课(课程编号,学号) VALUES('BC004','BS005');
INSERT INTO 选课(课程编号,学号) VALUES('BC009','BS006');
INSERT INTO 选课(课程编号,学号) VALUES('BC005','BS006');
INSERT INTO 选课(课程编号,学号) VALUES('BC008','BS006');
INSERT INTO 选课(课程编号,学号) VALUES('BC007','BS006');
INSERT INTO 选课(课程编号,学号) VALUES('BC001','BS006');
INSERT INTO 选课(课程编号,学号) VALUES('BC007','BS007');
INSERT INTO 选课(课程编号,学号) VALUES('BC006','BS007');
INSERT INTO 选课(课程编号,学号) VALUES('BC010','BS007');
INSERT INTO 选课(课程编号,学号) VALUES('BC002','BS007');
INSERT INTO 选课(课程编号,学号) VALUES('BC003','BS007');
INSERT INTO 选课(课程编号,学号) VALUES('BC005','BS008');
INSERT INTO 选课(课程编号,学号) VALUES('BC010','BS008');
INSERT INTO 选课(课程编号,学号) VALUES('BC006','BS008');
INSERT INTO 选课(课程编号,学号) VALUES('BC003','BS008');
INSERT INTO 选课(课程编号,学号) VALUES('BC004','BS008');
INSERT INTO 选课(课程编号,学号) VALUES('BC007','BS009');
INSERT INTO 选课(课程编号,学号) VALUES('BC004','BS009');
INSERT INTO 选课(课程编号,学号) VALUES('BC005','BS009');
INSERT INTO 选课(课程编号,学号) VALUES('BC008','BS009');
INSERT INTO 选课(课程编号,学号) VALUES('BC006','BS009');
INSERT INTO 选课(课程编号,学号) VALUES('BC009','BS010');
INSERT INTO 选课(课程编号,学号) VALUES('BC008','BS010');
INSERT INTO 选课(课程编号,学号) VALUES('BC007','BS010');
INSERT INTO 选课(课程编号,学号) VALUES('BC010','BS010');
INSERT INTO 选课(课程编号,学号) VALUES('BC005','BS010');
INSERT INTO 选课(课程编号,学号) VALUES('BC010','BS011');
INSERT INTO 选课(课程编号,学号) VALUES('BC002','BS011');
INSERT INTO 选课(课程编号,学号) VALUES('BC004','BS011');
INSERT INTO 选课(课程编号,学号) VALUES('BC008','BS011');
INSERT INTO 选课(课程编号,学号) VALUES('BC003','BS011');
INSERT INTO 选课(课程编号,学号) VALUES('BC004','BS012');
INSERT INTO 选课(课程编号,学号) VALUES('BC003','BS012');
INSERT INTO 选课(课程编号,学号) VALUES('BC010','BS012');
INSERT INTO 选课(课程编号,学号) VALUES('BC008','BS012');
INSERT INTO 选课(课程编号,学号) VALUES('BC001','BS012');
INSERT INTO 选课(课程编号,学号) VALUES('BC005','BS013');
INSERT INTO 选课(课程编号,学号) VALUES('BC002','BS013');
INSERT INTO 选课(课程编号,学号) VALUES('BC007','BS013');
INSERT INTO 选课(课程编号,学号) VALUES('BC010','BS013');
INSERT INTO 选课(课程编号,学号) VALUES('BC003','BS013');
INSERT INTO 选课(课程编号,学号) VALUES('BC002','BS014');
INSERT INTO 选课(课程编号,学号) VALUES('BC004','BS014');
INSERT INTO 选课(课程编号,学号) VALUES('BC003','BS014');
INSERT INTO 选课(课程编号,学号) VALUES('BC006','BS014');
INSERT INTO 选课(课程编号,学号) VALUES('BC008','BS014');
INSERT INTO 选课(课程编号,学号) VALUES('BC003','BS015');
INSERT INTO 选课(课程编号,学号) VALUES('BC010','BS015');
INSERT INTO 选课(课程编号,学号) VALUES('BC001','BS015');
INSERT INTO 选课(课程编号,学号) VALUES('BC007','BS015');
INSERT INTO 选课(课程编号,学号) VALUES('BC008','BS015');
INSERT INTO 选课(课程编号,学号) VALUES('BC007','BS016');
INSERT INTO 选课(课程编号,学号) VALUES('BC005','BS016');
INSERT INTO 选课(课程编号,学号) VALUES('BC009','BS016');
INSERT INTO 选课(课程编号,学号) VALUES('BC008','BS016');
INSERT INTO 选课(课程编号,学号) VALUES('BC001','BS016');
INSERT INTO 选课(课程编号,学号) VALUES('BC007','BS017');
INSERT INTO 选课(课程编号,学号) VALUES('BC005','BS017');
INSERT INTO 选课(课程编号,学号) VALUES('BC002','BS017');
INSERT INTO 选课(课程编号,学号) VALUES('BC009','BS017');
INSERT INTO 选课(课程编号,学号) VALUES('BC001','BS017');
INSERT INTO 选课(课程编号,学号) VALUES('BC005','BS018');
INSERT INTO 选课(课程编号,学号) VALUES('BC001','BS018');
INSERT INTO 选课(课程编号,学号) VALUES('BC009','BS018');
INSERT INTO 选课(课程编号,学号) VALUES('BC007','BS018');
INSERT INTO 选课(课程编号,学号) VALUES('BC008','BS018');
INSERT INTO 选课(课程编号,学号) VALUES('BC007','BS019');
INSERT INTO 选课(课程编号,学号) VALUES('BC006','BS019');
INSERT INTO 选课(课程编号,学号) VALUES('BC009','BS019');
INSERT INTO 选课(课程编号,学号) VALUES('BC003','BS019');
INSERT INTO 选课(课程编号,学号) VALUES('BC004','BS019');
INSERT INTO 选课(课程编号,学号) VALUES('BC002','BS020');
INSERT INTO 选课(课程编号,学号) VALUES('BC004','BS020');
INSERT INTO 选课(课程编号,学号) VALUES('BC001','BS020');
INSERT INTO 选课(课程编号,学号) VALUES('BC009','BS020');
INSERT INTO 选课(课程编号,学号) VALUES('BC006','BS020');
INSERT INTO 选课(课程编号,学号) VALUES('BC002','BS021');
INSERT INTO 选课(课程编号,学号) VALUES('BC006','BS021');
INSERT INTO 选课(课程编号,学号) VALUES('BC004','BS021');
INSERT INTO 选课(课程编号,学号) VALUES('BC009','BS021');
INSERT INTO 选课(课程编号,学号) VALUES('BC007','BS021');
INSERT INTO 选课(课程编号,学号) VALUES('BC006','BS022');
INSERT INTO 选课(课程编号,学号) VALUES('BC001','BS022');
INSERT INTO 选课(课程编号,学号) VALUES('BC007','BS022');
INSERT INTO 选课(课程编号,学号) VALUES('BC008','BS022');
INSERT INTO 选课(课程编号,学号) VALUES('BC002','BS022');
INSERT INTO 选课(课程编号,学号) VALUES('BC001','BS023');
INSERT INTO 选课(课程编号,学号) VALUES('BC003','BS023');
INSERT INTO 选课(课程编号,学号) VALUES('BC004','BS023');
INSERT INTO 选课(课程编号,学号) VALUES('BC009','BS023');
INSERT INTO 选课(课程编号,学号) VALUES('BC002','BS023');
INSERT INTO 选课(课程编号,学号) VALUES('BC008','BS024');
INSERT INTO 选课(课程编号,学号) VALUES('BC007','BS024');
INSERT INTO 选课(课程编号,学号) VALUES('BC004','BS024');
INSERT INTO 选课(课程编号,学号) VALUES('BC001','BS024');
INSERT INTO 选课(课程编号,学号) VALUES('BC006','BS024');
INSERT INTO 选课(课程编号,学号) VALUES('BC005','BS025');
INSERT INTO 选课(课程编号,学号) VALUES('BC008','BS025');
INSERT INTO 选课(课程编号,学号) VALUES('BC004','BS025');
INSERT INTO 选课(课程编号,学号) VALUES('BC006','BS025');
INSERT INTO 选课(课程编号,学号) VALUES('BC001','BS025');
INSERT INTO 选课(课程编号,学号) VALUES('BC006','BS026');
INSERT INTO 选课(课程编号,学号) VALUES('BC003','BS026');
INSERT INTO 选课(课程编号,学号) VALUES('BC010','BS026');
INSERT INTO 选课(课程编号,学号) VALUES('BC009','BS026');
INSERT INTO 选课(课程编号,学号) VALUES('BC004','BS026');
INSERT INTO 选课(课程编号,学号) VALUES('BC005','BS027');
INSERT INTO 选课(课程编号,学号) VALUES('BC004','BS027');
INSERT INTO 选课(课程编号,学号) VALUES('BC007','BS027');
INSERT INTO 选课(课程编号,学号) VALUES('BC002','BS027');
INSERT INTO 选课(课程编号,学号) VALUES('BC003','BS027');
INSERT INTO 选课(课程编号,学号) VALUES('BC003','BS028');
INSERT INTO 选课(课程编号,学号) VALUES('BC010','BS028');
INSERT INTO 选课(课程编号,学号) VALUES('BC002','BS028');
INSERT INTO 选课(课程编号,学号) VALUES('BC008','BS028');
INSERT INTO 选课(课程编号,学号) VALUES('BC007','BS028');
INSERT INTO 选课(课程编号,学号) VALUES('BC007','BS029');
INSERT INTO 选课(课程编号,学号) VALUES('BC002','BS029');
INSERT INTO 选课(课程编号,学号) VALUES('BC005','BS029');
INSERT INTO 选课(课程编号,学号) VALUES('BC001','BS029');
INSERT INTO 选课(课程编号,学号) VALUES('BC008','BS029');
INSERT INTO 选课(课程编号,学号) VALUES('BC006','BS030');
INSERT INTO 选课(课程编号,学号) VALUES('BC001','BS030');
INSERT INTO 选课(课程编号,学号) VALUES('BC007','BS030');
INSERT INTO 选课(课程编号,学号) VALUES('BC002','BS030');
INSERT INTO 选课(课程编号,学号) VALUES('BC009','BS030');
INSERT INTO 选课(课程编号,学号) VALUES('BC008','BS031');
INSERT INTO 选课(课程编号,学号) VALUES('BC003','BS031');
INSERT INTO 选课(课程编号,学号) VALUES('BC002','BS031');
INSERT INTO 选课(课程编号,学号) VALUES('BC007','BS031');
INSERT INTO 选课(课程编号,学号) VALUES('BC004','BS031');
INSERT INTO 选课(课程编号,学号) VALUES('BC005','BS032');
INSERT INTO 选课(课程编号,学号) VALUES('BC009','BS032');
INSERT INTO 选课(课程编号,学号) VALUES('BC007','BS032');
INSERT INTO 选课(课程编号,学号) VALUES('BC004','BS032');
INSERT INTO 选课(课程编号,学号) VALUES('BC006','BS032');
INSERT INTO 选课(课程编号,学号) VALUES('BC007','BS033');
INSERT INTO 选课(课程编号,学号) VALUES('BC006','BS033');
INSERT INTO 选课(课程编号,学号) VALUES('BC001','BS033');
INSERT INTO 选课(课程编号,学号) VALUES('BC010','BS033');
INSERT INTO 选课(课程编号,学号) VALUES('BC008','BS033');
INSERT INTO 选课(课程编号,学号) VALUES('BC007','BS034');
INSERT INTO 选课(课程编号,学号) VALUES('BC006','BS034');
INSERT INTO 选课(课程编号,学号) VALUES('BC008','BS034');
INSERT INTO 选课(课程编号,学号) VALUES('BC009','BS034');
INSERT INTO 选课(课程编号,学号) VALUES('BC003','BS034');
INSERT INTO 选课(课程编号,学号) VALUES('BC002','BS035');
INSERT INTO 选课(课程编号,学号) VALUES('BC009','BS035');
INSERT INTO 选课(课程编号,学号) VALUES('BC003','BS035');
INSERT INTO 选课(课程编号,学号) VALUES('BC005','BS035');
INSERT INTO 选课(课程编号,学号) VALUES('BC004','BS035');
INSERT INTO 选课(课程编号,学号) VALUES('BC003','BS036');
INSERT INTO 选课(课程编号,学号) VALUES('BC007','BS036');
INSERT INTO 选课(课程编号,学号) VALUES('BC010','BS036');
INSERT INTO 选课(课程编号,学号) VALUES('BC009','BS036');
INSERT INTO 选课(课程编号,学号) VALUES('BC001','BS036');
INSERT INTO 选课(课程编号,学号) VALUES('BC008','BS037');
INSERT INTO 选课(课程编号,学号) VALUES('BC001','BS037');
INSERT INTO 选课(课程编号,学号) VALUES('BC009','BS037');
INSERT INTO 选课(课程编号,学号) VALUES('BC003','BS037');
INSERT INTO 选课(课程编号,学号) VALUES('BC010','BS037');
INSERT INTO 选课(课程编号,学号) VALUES('BC002','BS038');
INSERT INTO 选课(课程编号,学号) VALUES('BC007','BS038');
INSERT INTO 选课(课程编号,学号) VALUES('BC003','BS038');
INSERT INTO 选课(课程编号,学号) VALUES('BC001','BS038');
INSERT INTO 选课(课程编号,学号) VALUES('BC008','BS038');
INSERT INTO 选课(课程编号,学号) VALUES('BC001','BS039');
INSERT INTO 选课(课程编号,学号) VALUES('BC003','BS039');
INSERT INTO 选课(课程编号,学号) VALUES('BC008','BS039');
INSERT INTO 选课(课程编号,学号) VALUES('BC010','BS039');
INSERT INTO 选课(课程编号,学号) VALUES('BC006','BS039');
INSERT INTO 选课(课程编号,学号) VALUES('BC004','BS040');
INSERT INTO 选课(课程编号,学号) VALUES('BC002','BS040');
INSERT INTO 选课(课程编号,学号) VALUES('BC001','BS040');
INSERT INTO 选课(课程编号,学号) VALUES('BC010','BS040');
INSERT INTO 选课(课程编号,学号) VALUES('BC007','BS040');
INSERT INTO 选课(课程编号,学号) VALUES('BC002','BS041');
INSERT INTO 选课(课程编号,学号) VALUES('BC003','BS041');
INSERT INTO 选课(课程编号,学号) VALUES('BC007','BS041');
INSERT INTO 选课(课程编号,学号) VALUES('BC004','BS041');
INSERT INTO 选课(课程编号,学号) VALUES('BC009','BS041');
INSERT INTO 选课(课程编号,学号) VALUES('BC004','BS042');
INSERT INTO 选课(课程编号,学号) VALUES('BC010','BS042');
INSERT INTO 选课(课程编号,学号) VALUES('BC009','BS042');
INSERT INTO 选课(课程编号,学号) VALUES('BC006','BS042');
INSERT INTO 选课(课程编号,学号) VALUES('BC007','BS042');
INSERT INTO 选课(课程编号,学号) VALUES('BC006','BS043');
INSERT INTO 选课(课程编号,学号) VALUES('BC010','BS043');
INSERT INTO 选课(课程编号,学号) VALUES('BC003','BS043');
INSERT INTO 选课(课程编号,学号) VALUES('BC005','BS043');
INSERT INTO 选课(课程编号,学号) VALUES('BC007','BS043');
INSERT INTO 选课(课程编号,学号) VALUES('BC003','BS044');
INSERT INTO 选课(课程编号,学号) VALUES('BC001','BS044');
INSERT INTO 选课(课程编号,学号) VALUES('BC009','BS044');
INSERT INTO 选课(课程编号,学号) VALUES('BC005','BS044');
INSERT INTO 选课(课程编号,学号) VALUES('BC007','BS044');
INSERT INTO 选课(课程编号,学号) VALUES('BC002','BS045');
INSERT INTO 选课(课程编号,学号) VALUES('BC006','BS045');
INSERT INTO 选课(课程编号,学号) VALUES('BC004','BS045');
INSERT INTO 选课(课程编号,学号) VALUES('BC005','BS045');
INSERT INTO 选课(课程编号,学号) VALUES('BC003','BS045');
INSERT INTO 选课(课程编号,学号) VALUES('BC004','BS046');
INSERT INTO 选课(课程编号,学号) VALUES('BC007','BS046');
INSERT INTO 选课(课程编号,学号) VALUES('BC001','BS046');
INSERT INTO 选课(课程编号,学号) VALUES('BC009','BS046');
INSERT INTO 选课(课程编号,学号) VALUES('BC002','BS046');
INSERT INTO 选课(课程编号,学号) VALUES('BC001','BS047');
INSERT INTO 选课(课程编号,学号) VALUES('BC009','BS047');
INSERT INTO 选课(课程编号,学号) VALUES('BC008','BS047');
INSERT INTO 选课(课程编号,学号) VALUES('BC002','BS047');
INSERT INTO 选课(课程编号,学号) VALUES('BC004','BS047');
INSERT INTO 选课(课程编号,学号) VALUES('BC006','BS048');
INSERT INTO 选课(课程编号,学号) VALUES('BC005','BS048');
INSERT INTO 选课(课程编号,学号) VALUES('BC002','BS048');
INSERT INTO 选课(课程编号,学号) VALUES('BC001','BS048');
INSERT INTO 选课(课程编号,学号) VALUES('BC008','BS048');
INSERT INTO 选课(课程编号,学号) VALUES('BC003','BS049');
INSERT INTO 选课(课程编号,学号) VALUES('BC002','BS049');
INSERT INTO 选课(课程编号,学号) VALUES('BC001','BS049');
INSERT INTO 选课(课程编号,学号) VALUES('BC008','BS049');
INSERT INTO 选课(课程编号,学号) VALUES('BC006','BS049');
INSERT INTO 选课(课程编号,学号) VALUES('BC001','BS050');
INSERT INTO 选课(课程编号,学号) VALUES('BC005','BS050');
INSERT INTO 选课(课程编号,学号) VALUES('BC008','BS050');
INSERT INTO 选课(课程编号,学号) VALUES('BC007','BS050');
INSERT INTO 选课(课程编号,学号) VALUES('BC009','BS050');
COMMIT;
