INSERT INTO 账户(账户名,密码,级别) VALUES('bs001','pw001',1);
INSERT INTO 账户(账户名,密码,级别) VALUES('bs002','pw002',1);
INSERT INTO 账户(账户名,密码,级别) VALUES('bs003','pw003',1);
INSERT INTO 账户(账户名,密码,级别) VALUES('bs004','pw004',1);
INSERT INTO 账户(账户名,密码,级别) VALUES('bs005','pw005',1);
INSERT INTO 账户(账户名,密码,级别) VALUES('bs006','pw006',1);
INSERT INTO 账户(账户名,密码,级别) VALUES('bs007','pw007',1);
INSERT INTO 账户(账户名,密码,级别) VALUES('bs008','pw008',1);
INSERT INTO 账户(账户名,密码,级别) VALUES('bs009','pw009',1);
INSERT INTO 账户(账户名,密码,级别) VALUES('bs010','pw010',1);
INSERT INTO 账户(账户名,密码,级别) VALUES('bs011','pw011',1);
INSERT INTO 账户(账户名,密码,级别) VALUES('bs012','pw012',1);
INSERT INTO 账户(账户名,密码,级别) VALUES('bs013','pw013',1);
INSERT INTO 账户(账户名,密码,级别) VALUES('bs014','pw014',1);
INSERT INTO 账户(账户名,密码,级别) VALUES('bs015','pw015',1);
INSERT INTO 账户(账户名,密码,级别) VALUES('bs016','pw016',1);
INSERT INTO 账户(账户名,密码,级别) VALUES('bs017','pw017',1);
INSERT INTO 账户(账户名,密码,级别) VALUES('bs018','pw018',1);
INSERT INTO 账户(账户名,密码,级别) VALUES('bs019','pw019',1);
INSERT INTO 账户(账户名,密码,级别) VALUES('bs020','pw020',1);
INSERT INTO 账户(账户名,密码,级别) VALUES('bs021','pw021',1);
INSERT INTO 账户(账户名,密码,级别) VALUES('bs022','pw022',1);
INSERT INTO 账户(账户名,密码,级别) VALUES('bs023','pw023',1);
INSERT INTO 账户(账户名,密码,级别) VALUES('bs024','pw024',1);
INSERT INTO 账户(账户名,密码,级别) VALUES('bs025','pw025',1);
INSERT INTO 账户(账户名,密码,级别) VALUES('bs026','pw026',1);
INSERT INTO 账户(账户名,密码,级别) VALUES('bs027','pw027',1);
INSERT INTO 账户(账户名,密码,级别) VALUES('bs028','pw028',1);
INSERT INTO 账户(账户名,密码,级别) VALUES('bs029','pw029',1);
INSERT INTO 账户(账户名,密码,级别) VALUES('bs030','pw030',1);
INSERT INTO 账户(账户名,密码,级别) VALUES('bs031','pw031',1);
INSERT INTO 账户(账户名,密码,级别) VALUES('bs032','pw032',1);
INSERT INTO 账户(账户名,密码,级别) VALUES('bs033','pw033',1);
INSERT INTO 账户(账户名,密码,级别) VALUES('bs034','pw034',1);
INSERT INTO 账户(账户名,密码,级别) VALUES('bs035','pw035',1);
INSERT INTO 账户(账户名,密码,级别) VALUES('bs036','pw036',1);
INSERT INTO 账户(账户名,密码,级别) VALUES('bs037','pw037',1);
INSERT INTO 账户(账户名,密码,级别) VALUES('bs038','pw038',1);
INSERT INTO 账户(账户名,密码,级别) VALUES('bs039','pw039',1);
INSERT INTO 账户(账户名,密码,级别) VALUES('bs040','pw040',1);
INSERT INTO 账户(账户名,密码,级别) VALUES('bs041','pw041',1);
INSERT INTO 账户(账户名,密码,级别) VALUES('bs042','pw042',1);
INSERT INTO 账户(账户名,密码,级别) VALUES('bs043','pw043',1);
INSERT INTO 账户(账户名,密码,级别) VALUES('bs044','pw044',1);
INSERT INTO 账户(账户名,密码,级别) VALUES('bs045','pw045',1);
INSERT INTO 账户(账户名,密码,级别) VALUES('bs046','pw046',1);
INSERT INTO 账户(账户名,密码,级别) VALUES('bs047','pw047',1);
INSERT INTO 账户(账户名,密码,级别) VALUES('bs048','pw048',1);
INSERT INTO 账户(账户名,密码,级别) VALUES('bs049','pw049',1);
INSERT INTO 账户(账户名,密码,级别) VALUES('bs050','pw050',1);
INSERT INTO 账户(账户名,密码,级别) VALUES('admin','admin1',5);
INSERT INTO 学生(学号,姓名,性别,专业,密码) VALUES('BS001','张敏','男','计算机','pw001');
INSERT INTO 学生(学号,姓名,性别,专业,密码) VALUES('BS002','陈洋','男','计算机','pw002');
INSERT INTO 学生(学号,姓名,性别,专业,密码) VALUES('BS003','刘霞','男','计算机','pw003');
INSERT INTO 学生(学号,姓名,性别,专业,密码) VALUES('BS004','赵娜','女','计算机','pw004');
INSERT INTO 学生(学号,姓名,性别,专业,密码) VALUES('BS005','杨艳','女','计算机','pw005');
INSERT INTO 学生(学号,姓名,性别,专业,密码) VALUES('BS006','李超','男','计算机','pw006');
INSERT INTO 学生(学号,姓名,性别,专业,密码) VALUES('BS007','赵军','男','计算机','pw007');
INSERT INTO 学生(学号,姓名,性别,专业,密码) VALUES('BS008','赵丽','女','计算机','pw008');
INSERT INTO 学生(学号,姓名,性别,专业,密码) VALUES('BS009','赵芳','女','计算机','pw009');
INSERT INTO 学生(学号,姓名,性别,专业,密码) VALUES('BS010','周强','女','计算机','pw010');
INSERT INTO 学生(学号,姓名,性别,专业,密码) VALUES('BS011','张超','女','计算机','pw011');
INSERT INTO 学生(学号,姓名,性别,专业,密码) VALUES('BS012','刘秀兰','女','计算机','pw012');
INSERT INTO 学生(学号,姓名,性别,专业,密码) VALUES('BS013','李杰','男','计算机','pw013');
INSERT INTO 学生(学号,姓名,性别,专业,密码) VALUES('BS014','陈平','男','计算机','pw014');
INSERT INTO 学生(学号,姓名,性别,专业,密码) VALUES('BS015','赵秀兰','男','计算机','pw015');
INSERT INTO 学生(学号,姓名,性别,专业,密码) VALUES('BS016','陈强','男','计算机','pw016');
INSERT INTO 学生(学号,姓名,性别,专业,密码) VALUES('BS017','黄敏','女','计算机','pw017');
INSERT INTO 学生(学号,姓名,性别,专业,密码) VALUES('BS018','张霞','女','计算机','pw018');
INSERT INTO 学生(学号,姓名,性别,专业,密码) VALUES('BS019','张洋','男','计算机','pw019');
INSERT INTO 学生(学号,姓名,性别,专业,密码) VALUES('BS020','吴芳','男','计算机','pw020');
INSERT INTO 学生(学号,姓名,性别,专业,密码) VALUES('BS021','黄平','女','计算机','pw021');
INSERT INTO 学生(学号,姓名,性别,专业,密码) VALUES('BS022','王涛','男','计算机','pw022');
INSERT INTO 学生(学号,姓名,性别,专业,密码) VALUES('BS023','周平','男','计算机','pw023');
INSERT INTO 学生(学号,姓名,性别,专业,密码) VALUES('BS024','吴洋','女','计算机','pw024');
INSERT INTO 学生(学号,姓名,性别,专业,密码) VALUES('BS025','赵军','女','计算机','pw025');
INSERT INTO 学生(学号,姓名,性别,专业,密码) VALUES('BS026','赵丽','男','计算机','pw026');
INSERT INTO 学生(学号,姓名,性别,专业,密码) VALUES('BS027','刘杰','女','计算机','pw027');
INSERT INTO 学生(学号,姓名,性别,专业,密码) VALUES('BS028','陈敏','女','计算机','pw028');
INSERT INTO 学生(学号,姓名,性别,专业,密码) VALUES('BS029','黄杰','男','计算机','pw029');
INSERT INTO 学生(学号,姓名,性别,专业,密码) VALUES('BS030','陈霞','男','计算机','pw030');
INSERT INTO 学生(学号,姓名,性别,专业,密码) VALUES('BS031','黄超','女','计算机','pw031');
INSERT INTO 学生(学号,姓名,性别,专业,密码) VALUES('BS032','刘平','男','计算机','pw032');
INSERT INTO 学生(学号,姓名,性别,专业,密码) VALUES('BS033','吴超','女','计算机','pw033');
INSERT INTO 学生(学号,姓名,性别,专业,密码) VALUES('BS034','周洋','女','计算机','pw034');
INSERT INTO 学生(学号,姓名,性别,专业,密码) VALUES('BS035','李军','男','计算机','pw035');
INSERT INTO 学生(学号,姓名,性别,专业,密码) VALUES('BS036','王军','女','计算机','pw036');
INSERT INTO 学生(学号,姓名,性别,专业,密码) VALUES('BS037','刘娜','女','计算机','pw037');
INSERT INTO 学生(学号,姓名,性别,专业,密码) VALUES('BS038','陈秀兰','女','计算机','pw038');
INSERT INTO 学生(学号,姓名,性别,专业,密码) VALUES('BS039','王洋','男','计算机','pw039');
INSERT INTO 学生(学号,姓名,性别,专业,密码) VALUES('BS040','刘丽','女','计算机','pw040');
INSERT INTO 学生(学号,姓名,性别,专业,密码) VALUES('BS041','杨磊','男','计算机','pw041');
INSERT INTO 学生(学号,姓名,性别,专业,密码) VALUES('BS042','赵艳','女','计算机','pw042');
INSERT INTO 学生(学号,姓名,性别,专业,密码) VALUES('BS043','李敏','男','计算机','pw043');
INSERT INTO 学生(学号,姓名,性别,专业,密码) VALUES('BS044','李艳','男','计算机','pw044');
INSERT INTO 学生(学号,姓名,性别,专业,密码) VALUES('BS045','周艳','男','计算机','pw045');
INSERT INTO 学生(学号,姓名,性别,专业,密码) VALUES('BS046','周秀英','男','计算机','pw046');
INSERT INTO 学生(学号,姓名,性别,专业,密码) VALUES('BS047','黄杰','女','计算机','pw047');
INSERT INTO 学生(学号,姓名,性别,专业,密码) VALUES('BS048','黄芳','男','计算机','pw048');
INSERT INTO 学生(学号,姓名,性别,专业,密码) VALUES('BS049','陈敏','女','计算机','pw049');
INSERT INTO 学生(学号,姓名,性别,专业,密码) VALUES('BS050','赵强','女','计算机','pw050');
INSERT INTO 课程(编号,名称,课时,学分,老师,地点,共享) VALUES('BC001','数据库原理',41,'4','老师1','B101','Y');
INSERT INTO 课程(编号,名称,课时,学分,老师,地点,共享) VALUES('BC002','编译原理',36,'2','老师2','B102','Y');
INSERT INTO 课程(编号,名称,课时,学分,老师,地点,共享) VALUES('BC003','操作系统',37,'3','老师3','B103','Y');
INSERT INTO 课程(编号,名称,课时,学分,老师,地点,共享) VALUES('BC004','算法分析',38,'4','老师1','B104','Y');
INSERT INTO 课程(编号,名称,课时,学分,老师,地点,共享) VALUES('BC005','计算机网络',42,'2','老师2','B105','N');
INSERT INTO 课程(编号,名称,课时,学分,老师,地点,共享) VALUES('BC006','软件工程',39,'2','老师3','B106','N');
INSERT INTO 课程(编号,名称,课时,学分,老师,地点,共享) VALUES('BC007','人工智能',45,'4','老师1','B107','N');
INSERT INTO 课程(编号,名称,课时,学分,老师,地点,共享) VALUES('BC008','机器学习',37,'2','老师2','B108','N');
INSERT INTO 课程(编号,名称,课时,学分,老师,地点,共享) VALUES('BC009','离散数学',32,'2','老师3','B109','N');
INSERT INTO 课程(编号,名称,课时,学分,老师,地点,共享) VALUES('BC010','数据结构',32,'3','老师1','B110','N');
INSERT INTO 选课(课程编号,学号) VALUES('BC004','BS001');
INSERT INTO 选课(课程编号,学号) VALUES('BC003','BS001');
INSERT INTO 选课(课程编号,学号) VALUES('BC001','BS001');
INSERT INTO 选课(课程编号,学号) VALUES('BC006','BS001');
INSERT INTO 选课(课程编号,学号) VALUES('BC007','BS001');
INSERT INTO 选课(课程编号,学号) VALUES('BC009','BS002');
INSERT INTO 选课(课程编号,学号) VALUES('BC004','BS002');
INSERT INTO 选课(课程编号,学号) VALUES('BC008','BS002');
INSERT INTO 选课(课程编号,学号) VALUES('BC006','BS002');
INSERT INTO 选课(课程编号,学号) VALUES('BC005','BS002');
INSERT INTO 选课(课程编号,学号) VALUES('BC002','BS003');
INSERT INTO 选课(课程编号,学号) VALUES('BC005','BS003');
INSERT INTO 选课(课程编号,学号) VALUES('BC006','BS003');
INSERT INTO 选课(课程编号,学号) VALUES('BC001','BS003');
INSERT INTO 选课(课程编号,学号) VALUES('BC008','BS003');
INSERT INTO 选课(课程编号,学号) VALUES('BC001','BS004');
INSERT INTO 选课(课程编号,学号) VALUES('BC007','BS004');
INSERT INTO 选课(课程编号,学号) VALUES('BC006','BS004');
INSERT INTO 选课(课程编号,学号) VALUES('BC005','BS004');
INSERT INTO 选课(课程编号,学号) VALUES('BC010','BS004');
INSERT INTO 选课(课程编号,学号) VALUES('BC006','BS005');
INSERT INTO 选课(课程编号,学号) VALUES('BC005','BS005');
INSERT INTO 选课(课程编号,学号) VALUES('BC002','BS005');
INSERT INTO 选课(课程编号,学号) VALUES('BC010','BS005');
INSERT INTO 选课(课程编号,学号) VALUES('BC004','BS005');
INSERT INTO 选课(课程编号,学号) VALUES('BC009','BS006');
INSERT INTO 选课(课程编号,学号) VALUES('BC005','BS006');
INSERT INTO 选课(课程编号,学号) VALUES('BC008','BS006');
INSERT INTO 选课(课程编号,学号) VALUES('BC007','BS006');
INSERT INTO 选课(课程编号,学号) VALUES('BC001','BS006');
INSERT INTO 选课(课程编号,学号) VALUES('BC007','BS007');
INSERT INTO 选课(课程编号,学号) VALUES('BC006','BS007');
INSERT INTO 选课(课程编号,学号) VALUES('BC010','BS007');
INSERT INTO 选课(课程编号,学号) VALUES('BC002','BS007');
INSERT INTO 选课(课程编号,学号) VALUES('BC003','BS007');
INSERT INTO 选课(课程编号,学号) VALUES('BC005','BS008');
INSERT INTO 选课(课程编号,学号) VALUES('BC010','BS008');
INSERT INTO 选课(课程编号,学号) VALUES('BC006','BS008');
INSERT INTO 选课(课程编号,学号) VALUES('BC003','BS008');
INSERT INTO 选课(课程编号,学号) VALUES('BC004','BS008');
INSERT INTO 选课(课程编号,学号) VALUES('BC007','BS009');
INSERT INTO 选课(课程编号,学号) VALUES('BC004','BS009');
INSERT INTO 选课(课程编号,学号) VALUES('BC005','BS009');
INSERT INTO 选课(课程编号,学号) VALUES('BC008','BS009');
INSERT INTO 选课(课程编号,学号) VALUES('BC006','BS009');
INSERT INTO 选课(课程编号,学号) VALUES('BC009','BS010');
INSERT INTO 选课(课程编号,学号) VALUES('BC008','BS010');
INSERT INTO 选课(课程编号,学号) VALUES('BC007','BS010');
INSERT INTO 选课(课程编号,学号) VALUES('BC010','BS010');
INSERT INTO 选课(课程编号,学号) VALUES('BC005','BS010');
INSERT INTO 选课(课程编号,学号) VALUES('BC010','BS011');
INSERT INTO 选课(课程编号,学号) VALUES('BC002','BS011');
INSERT INTO 选课(课程编号,学号) VALUES('BC004','BS011');
INSERT INTO 选课(课程编号,学号) VALUES('BC008','BS011');
INSERT INTO 选课(课程编号,学号) VALUES('BC003','BS011');
INSERT INTO 选课(课程编号,学号) VALUES('BC004','BS012');
INSERT INTO 选课(课程编号,学号) VALUES('BC003','BS012');
INSERT INTO 选课(课程编号,学号) VALUES('BC010','BS012');
INSERT INTO 选课(课程编号,学号) VALUES('BC008','BS012');
INSERT INTO 选课(课程编号,学号) VALUES('BC001','BS012');
INSERT INTO 选课(课程编号,学号) VALUES('BC005','BS013');
INSERT INTO 选课(课程编号,学号) VALUES('BC002','BS013');
INSERT INTO 选课(课程编号,学号) VALUES('BC007','BS013');
INSERT INTO 选课(课程编号,学号) VALUES('BC010','BS013');
INSERT INTO 选课(课程编号,学号) VALUES('BC003','BS013');
INSERT INTO 选课(课程编号,学号) VALUES('BC002','BS014');
INSERT INTO 选课(课程编号,学号) VALUES('BC004','BS014');
INSERT INTO 选课(课程编号,学号) VALUES('BC003','BS014');
INSERT INTO 选课(课程编号,学号) VALUES('BC006','BS014');
INSERT INTO 选课(课程编号,学号) VALUES('BC008','BS014');
INSERT INTO 选课(课程编号,学号) VALUES('BC003','BS015');
INSERT INTO 选课(课程编号,学号) VALUES('BC010','BS015');
INSERT INTO 选课(课程编号,学号) VALUES('BC001','BS015');
INSERT INTO 选课(课程编号,学号) VALUES('BC007','BS015');
INSERT INTO 选课(课程编号,学号) VALUES('BC008','BS015');
INSERT INTO 选课(课程编号,学号) VALUES('BC007','BS016');
INSERT INTO 选课(课程编号,学号) VALUES('BC005','BS016');
INSERT INTO 选课(课程编号,学号) VALUES('BC009','BS016');
INSERT INTO 选课(课程编号,学号) VALUES('BC008','BS016');
INSERT INTO 选课(课程编号,学号) VALUES('BC001','BS016');
INSERT INTO 选课(课程编号,学号) VALUES('BC007','BS017');
INSERT INTO 选课(课程编号,学号) VALUES('BC005','BS017');
INSERT INTO 选课(课程编号,学号) VALUES('BC002','BS017');
INSERT INTO 选课(课程编号,学号) VALUES('BC009','BS017');
INSERT INTO 选课(课程编号,学号) VALUES('BC001','BS017');
INSERT INTO 选课(课程编号,学号) VALUES('BC005','BS018');
INSERT INTO 选课(课程编号,学号) VALUES('BC001','BS018');
INSERT INTO 选课(课程编号,学号) VALUES('BC009','BS018');
INSERT INTO 选课(课程编号,学号) VALUES('BC007','BS018');
INSERT INTO 选课(课程编号,学号) VALUES('BC008','BS018');
INSERT INTO 选课(课程编号,学号) VALUES('BC007','BS019');
INSERT INTO 选课(课程编号,学号) VALUES('BC006','BS019');
INSERT INTO 选课(课程编号,学号) VALUES('BC009','BS019');
INSERT INTO 选课(课程编号,学号) VALUES('BC003','BS019');
INSERT INTO 选课(课程编号,学号) VALUES('BC004','BS019');
INSERT INTO 选课(课程编号,学号) VALUES('BC002','BS020');
INSERT INTO 选课(课程编号,学号) VALUES('BC004','BS020');
INSERT INTO 选课(课程编号,学号) VALUES('BC001','BS020');
INSERT INTO 选课(课程编号,学号) VALUES('BC009','BS020');
INSERT INTO 选课(课程编号,学号) VALUES('BC006','BS020');
INSERT INTO 选课(课程编号,学号) VALUES('BC002','BS021');
INSERT INTO 选课(课程编号,学号) VALUES('BC006','BS021');
INSERT INTO 选课(课程编号,学号) VALUES('BC004','BS021');
INSERT INTO 选课(课程编号,学号) VALUES('BC009','BS021');
INSERT INTO 选课(课程编号,学号) VALUES('BC007','BS021');
INSERT INTO 选课(课程编号,学号) VALUES('BC006','BS022');
INSERT INTO 选课(课程编号,学号) VALUES('BC001','BS022');
INSERT INTO 选课(课程编号,学号) VALUES('BC007','BS022');
INSERT INTO 选课(课程编号,学号) VALUES('BC008','BS022');
INSERT INTO 选课(课程编号,学号) VALUES('BC002','BS022');
INSERT INTO 选课(课程编号,学号) VALUES('BC001','BS023');
INSERT INTO 选课(课程编号,学号) VALUES('BC003','BS023');
INSERT INTO 选课(课程编号,学号) VALUES('BC004','BS023');
INSERT INTO 选课(课程编号,学号) VALUES('BC009','BS023');
INSERT INTO 选课(课程编号,学号) VALUES('BC002','BS023');
INSERT INTO 选课(课程编号,学号) VALUES('BC008','BS024');
INSERT INTO 选课(课程编号,学号) VALUES('BC007','BS024');
INSERT INTO 选课(课程编号,学号) VALUES('BC004','BS024');
INSERT INTO 选课(课程编号,学号) VALUES('BC001','BS024');
INSERT INTO 选课(课程编号,学号) VALUES('BC006','BS024');
INSERT INTO 选课(课程编号,学号) VALUES('BC005','BS025');
INSERT INTO 选课(课程编号,学号) VALUES('BC008','BS025');
INSERT INTO 选课(课程编号,学号) VALUES('BC004','BS025');
INSERT INTO 选课(课程编号,学号) VALUES('BC006','BS025');
INSERT INTO 选课(课程编号,学号) VALUES('BC001','BS025');
INSERT INTO 选课(课程编号,学号) VALUES('BC006','BS026');
INSERT INTO 选课(课程编号,学号) VALUES('BC003','BS026');
INSERT INTO 选课(课程编号,学号) VALUES('BC010','BS026');
INSERT INTO 选课(课程编号,学号) VALUES('BC009','BS026');
INSERT INTO 选课(课程编号,学号) VALUES('BC004','BS026');
INSERT INTO 选课(课程编号,学号) VALUES('BC005','BS027');
INSERT INTO 选课(课程编号,学号) VALUES('BC004','BS027');
INSERT INTO 选课(课程编号,学号) VALUES('BC007','BS027');
INSERT INTO 选课(课程编号,学号) VALUES('BC002','BS027');
INSERT INTO 选课(课程编号,学号) VALUES('BC003','BS027');
INSERT INTO 选课(课程编号,学号) VALUES('BC003','BS028');
INSERT INTO 选课(课程编号,学号) VALUES('BC010','BS028');
INSERT INTO 选课(课程编号,学号) VALUES('BC002','BS028');
INSERT INTO 选课(课程编号,学号) VALUES('BC008','BS028');
INSERT INTO 选课(课程编号,学号) VALUES('BC007','BS028');
INSERT INTO 选课(课程编号,学号) VALUES('BC007','BS029');
INSERT INTO 选课(课程编号,学号) VALUES('BC002','BS029');
INSERT INTO 选课(课程编号,学号) VALUES('BC005','BS029');
INSERT INTO 选课(课程编号,学号) VALUES('BC001','BS029');
INSERT INTO 选课(课程编号,学号) VALUES('BC008','BS029');
INSERT INTO 选课(课程编号,学号) VALUES('BC006','BS030');
INSERT INTO 选课(课程编号,学号) VALUES('BC001','BS030');
INSERT INTO 选课(课程编号,学号) VALUES('BC007','BS030');
INSERT INTO 选课(课程编号,学号) VALUES('BC002','BS030');
INSERT INTO 选课(课程编号,学号) VALUES('BC009','BS030');
INSERT INTO 选课(课程编号,学号) VALUES('BC008','BS031');
INSERT INTO 选课(课程编号,学号) VALUES('BC003','BS031');
INSERT INTO 选课(课程编号,学号) VALUES('BC002','BS031');
INSERT INTO 选课(课程编号,学号) VALUES('BC007','BS031');
INSERT INTO 选课(课程编号,学号) VALUES('BC004','BS031');
INSERT INTO 选课(课程编号,学号) VALUES('BC005','BS032');
INSERT INTO 选课(课程编号,学号) VALUES('BC009','BS032');
INSERT INTO 选课(课程编号,学号) VALUES('BC007','BS032');
INSERT INTO 选课(课程编号,学号) VALUES('BC004','BS032');
INSERT INTO 选课(课程编号,学号) VALUES('BC006','BS032');
INSERT INTO 选课(课程编号,学号) VALUES('BC007','BS033');
INSERT INTO 选课(课程编号,学号) VALUES('BC006','BS033');
INSERT INTO 选课(课程编号,学号) VALUES('BC001','BS033');
INSERT INTO 选课(课程编号,学号) VALUES('BC010','BS033');
INSERT INTO 选课(课程编号,学号) VALUES('BC008','BS033');
INSERT INTO 选课(课程编号,学号) VALUES('BC007','BS034');
INSERT INTO 选课(课程编号,学号) VALUES('BC006','BS034');
INSERT INTO 选课(课程编号,学号) VALUES('BC008','BS034');
INSERT INTO 选课(课程编号,学号) VALUES('BC009','BS034');
INSERT INTO 选课(课程编号,学号) VALUES('BC003','BS034');
INSERT INTO 选课(课程编号,学号) VALUES('BC002','BS035');
INSERT INTO 选课(课程编号,学号) VALUES('BC009','BS035');
INSERT INTO 选课(课程编号,学号) VALUES('BC003','BS035');
INSERT INTO 选课(课程编号,学号) VALUES('BC005','BS035');
INSERT INTO 选课(课程编号,学号) VALUES('BC004','BS035');
INSERT INTO 选课(课程编号,学号) VALUES('BC003','BS036');
INSERT INTO 选课(课程编号,学号) VALUES('BC007','BS036');
INSERT INTO 选课(课程编号,学号) VALUES('BC010','BS036');
INSERT INTO 选课(课程编号,学号) VALUES('BC009','BS036');
INSERT INTO 选课(课程编号,学号) VALUES('BC001','BS036');
INSERT INTO 选课(课程编号,学号) VALUES('BC008','BS037');
INSERT INTO 选课(课程编号,学号) VALUES('BC001','BS037');
INSERT INTO 选课(课程编号,学号) VALUES('BC009','BS037');
INSERT INTO 选课(课程编号,学号) VALUES('BC003','BS037');
INSERT INTO 选课(课程编号,学号) VALUES('BC010','BS037');
INSERT INTO 选课(课程编号,学号) VALUES('BC002','BS038');
INSERT INTO 选课(课程编号,学号) VALUES('BC007','BS038');
INSERT INTO 选课(课程编号,学号) VALUES('BC003','BS038');
INSERT INTO 选课(课程编号,学号) VALUES('BC001','BS038');
INSERT INTO 选课(课程编号,学号) VALUES('BC008','BS038');
INSERT INTO 选课(课程编号,学号) VALUES('BC001','BS039');
INSERT INTO 选课(课程编号,学号) VALUES('BC003','BS039');
INSERT INTO 选课(课程编号,学号) VALUES('BC008','BS039');
INSERT INTO 选课(课程编号,学号) VALUES('BC010','BS039');
INSERT INTO 选课(课程编号,学号) VALUES('BC006','BS039');
INSERT INTO 选课(课程编号,学号) VALUES('BC004','BS040');
INSERT INTO 选课(课程编号,学号) VALUES('BC002','BS040');
INSERT INTO 选课(课程编号,学号) VALUES('BC001','BS040');
INSERT INTO 选课(课程编号,学号) VALUES('BC010','BS040');
INSERT INTO 选课(课程编号,学号) VALUES('BC007','BS040');
INSERT INTO 选课(课程编号,学号) VALUES('BC002','BS041');
INSERT INTO 选课(课程编号,学号) VALUES('BC003','BS041');
INSERT INTO 选课(课程编号,学号) VALUES('BC007','BS041');
INSERT INTO 选课(课程编号,学号) VALUES('BC004','BS041');
INSERT INTO 选课(课程编号,学号) VALUES('BC009','BS041');
INSERT INTO 选课(课程编号,学号) VALUES('BC004','BS042');
INSERT INTO 选课(课程编号,学号) VALUES('BC010','BS042');
INSERT INTO 选课(课程编号,学号) VALUES('BC009','BS042');
INSERT INTO 选课(课程编号,学号) VALUES('BC006','BS042');
INSERT INTO 选课(课程编号,学号) VALUES('BC007','BS042');
INSERT INTO 选课(课程编号,学号) VALUES('BC006','BS043');
INSERT INTO 选课(课程编号,学号) VALUES('BC010','BS043');
INSERT INTO 选课(课程编号,学号) VALUES('BC003','BS043');
INSERT INTO 选课(课程编号,学号) VALUES('BC005','BS043');
INSERT INTO 选课(课程编号,学号) VALUES('BC007','BS043');
INSERT INTO 选课(课程编号,学号) VALUES('BC003','BS044');
INSERT INTO 选课(课程编号,学号) VALUES('BC001','BS044');
INSERT INTO 选课(课程编号,学号) VALUES('BC009','BS044');
INSERT INTO 选课(课程编号,学号) VALUES('BC005','BS044');
INSERT INTO 选课(课程编号,学号) VALUES('BC007','BS044');
INSERT INTO 选课(课程编号,学号) VALUES('BC002','BS045');
INSERT INTO 选课(课程编号,学号) VALUES('BC006','BS045');
INSERT INTO 选课(课程编号,学号) VALUES('BC004','BS045');
INSERT INTO 选课(课程编号,学号) VALUES('BC005','BS045');
INSERT INTO 选课(课程编号,学号) VALUES('BC003','BS045');
INSERT INTO 选课(课程编号,学号) VALUES('BC004','BS046');
INSERT INTO 选课(课程编号,学号) VALUES('BC007','BS046');
INSERT INTO 选课(课程编号,学号) VALUES('BC001','BS046');
INSERT INTO 选课(课程编号,学号) VALUES('BC009','BS046');
INSERT INTO 选课(课程编号,学号) VALUES('BC002','BS046');
INSERT INTO 选课(课程编号,学号) VALUES('BC001','BS047');
INSERT INTO 选课(课程编号,学号) VALUES('BC009','BS047');
INSERT INTO 选课(课程编号,学号) VALUES('BC008','BS047');
INSERT INTO 选课(课程编号,学号) VALUES('BC002','BS047');
INSERT INTO 选课(课程编号,学号) VALUES('BC004','BS047');
INSERT INTO 选课(课程编号,学号) VALUES('BC006','BS048');
INSERT INTO 选课(课程编号,学号) VALUES('BC005','BS048');
INSERT INTO 选课(课程编号,学号) VALUES('BC002','BS048');
INSERT INTO 选课(课程编号,学号) VALUES('BC001','BS048');
INSERT INTO 选课(课程编号,学号) VALUES('BC008','BS048');
INSERT INTO 选课(课程编号,学号) VALUES('BC003','BS049');
INSERT INTO 选课(课程编号,学号) VALUES('BC002','BS049');
INSERT INTO 选课(课程编号,学号) VALUES('BC001','BS049');
INSERT INTO 选课(课程编号,学号) VALUES('BC008','BS049');
INSERT INTO 选课(课程编号,学号) VALUES('BC006','BS049');
INSERT INTO 选课(课程编号,学号) VALUES('BC001','BS050');
INSERT INTO 选课(课程编号,学号) VALUES('BC005','BS050');
INSERT INTO 选课(课程编号,学号) VALUES('BC008','BS050');
INSERT INTO 选课(课程编号,学号) VALUES('BC007','BS050');
INSERT INTO 选课(课程编号,学号) VALUES('BC009','BS050');
COMMIT;
