INSERT INTO 账户(acc,passwd) VALUES('cs001','pw001');
INSERT INTO 账户(acc,passwd) VALUES('cs002','pw002');
INSERT INTO 账户(acc,passwd) VALUES('cs003','pw003');
INSERT INTO 账户(acc,passwd) VALUES('cs004','pw004');
INSERT INTO 账户(acc,passwd) VALUES('cs005','pw005');
INSERT INTO 账户(acc,passwd) VALUES('cs006','pw006');
INSERT INTO 账户(acc,passwd) VALUES('cs007','pw007');
INSERT INTO 账户(acc,passwd) VALUES('cs008','pw008');
INSERT INTO 账户(acc,passwd) VALUES('cs009','pw009');
INSERT INTO 账户(acc,passwd) VALUES('cs010','pw010');
INSERT INTO 账户(acc,passwd) VALUES('cs011','pw011');
INSERT INTO 账户(acc,passwd) VALUES('cs012','pw012');
INSERT INTO 账户(acc,passwd) VALUES('cs013','pw013');
INSERT INTO 账户(acc,passwd) VALUES('cs014','pw014');
INSERT INTO 账户(acc,passwd) VALUES('cs015','pw015');
INSERT INTO 账户(acc,passwd) VALUES('cs016','pw016');
INSERT INTO 账户(acc,passwd) VALUES('cs017','pw017');
INSERT INTO 账户(acc,passwd) VALUES('cs018','pw018');
INSERT INTO 账户(acc,passwd) VALUES('cs019','pw019');
INSERT INTO 账户(acc,passwd) VALUES('cs020','pw020');
INSERT INTO 账户(acc,passwd) VALUES('cs021','pw021');
INSERT INTO 账户(acc,passwd) VALUES('cs022','pw022');
INSERT INTO 账户(acc,passwd) VALUES('cs023','pw023');
INSERT INTO 账户(acc,passwd) VALUES('cs024','pw024');
INSERT INTO 账户(acc,passwd) VALUES('cs025','pw025');
INSERT INTO 账户(acc,passwd) VALUES('cs026','pw026');
INSERT INTO 账户(acc,passwd) VALUES('cs027','pw027');
INSERT INTO 账户(acc,passwd) VALUES('cs028','pw028');
INSERT INTO 账户(acc,passwd) VALUES('cs029','pw029');
INSERT INTO 账户(acc,passwd) VALUES('cs030','pw030');
INSERT INTO 账户(acc,passwd) VALUES('cs031','pw031');
INSERT INTO 账户(acc,passwd) VALUES('cs032','pw032');
INSERT INTO 账户(acc,passwd) VALUES('cs033','pw033');
INSERT INTO 账户(acc,passwd) VALUES('cs034','pw034');
INSERT INTO 账户(acc,passwd) VALUES('cs035','pw035');
INSERT INTO 账户(acc,passwd) VALUES('cs036','pw036');
INSERT INTO 账户(acc,passwd) VALUES('cs037','pw037');
INSERT INTO 账户(acc,passwd) VALUES('cs038','pw038');
INSERT INTO 账户(acc,passwd) VALUES('cs039','pw039');
INSERT INTO 账户(acc,passwd) VALUES('cs040','pw040');
INSERT INTO 账户(acc,passwd) VALUES('cs041','pw041');
INSERT INTO 账户(acc,passwd) VALUES('cs042','pw042');
INSERT INTO 账户(acc,passwd) VALUES('cs043','pw043');
INSERT INTO 账户(acc,passwd) VALUES('cs044','pw044');
INSERT INTO 账户(acc,passwd) VALUES('cs045','pw045');
INSERT INTO 账户(acc,passwd) VALUES('cs046','pw046');
INSERT INTO 账户(acc,passwd) VALUES('cs047','pw047');
INSERT INTO 账户(acc,passwd) VALUES('cs048','pw048');
INSERT INTO 账户(acc,passwd) VALUES('cs049','pw049');
INSERT INTO 账户(acc,passwd) VALUES('cs050','pw050');
INSERT INTO 账户(acc,passwd) VALUES('admin','admin1');
INSERT INTO 学生(Sno,Snm,Sex,Sde,Pwd) VALUES('CS001','赵敏','M','计算机','pw001');
INSERT INTO 学生(Sno,Snm,Sex,Sde,Pwd) VALUES('CS002','吴建国','M','计算机','pw002');
INSERT INTO 学生(Sno,Snm,Sex,Sde,Pwd) VALUES('CS003','郑磊','M','计算机','pw003');
INSERT INTO 学生(Sno,Snm,Sex,Sde,Pwd) VALUES('CS004','周娜','F','计算机','pw004');
INSERT INTO 学生(Sno,Snm,Sex,Sde,Pwd) VALUES('CS005','王娜','F','计算机','pw005');
INSERT INTO 学生(Sno,Snm,Sex,Sde,Pwd) VALUES('CS006','孙丽','M','计算机','pw006');
INSERT INTO 学生(Sno,Snm,Sex,Sde,Pwd) VALUES('CS007','周军','M','计算机','pw007');
INSERT INTO 学生(Sno,Snm,Sex,Sde,Pwd) VALUES('CS008','周丽','F','计算机','pw008');
INSERT INTO 学生(Sno,Snm,Sex,Sde,Pwd) VALUES('CS009','周芳','F','计算机','pw009');
INSERT INTO 学生(Sno,Snm,Sex,Sde,Pwd) VALUES('CS010','陈强','F','计算机','pw010');
INSERT INTO 学生(Sno,Snm,Sex,Sde,Pwd) VALUES('CS011','赵丽','F','计算机','pw011');
INSERT INTO 学生(Sno,Snm,Sex,Sde,Pwd) VALUES('CS012','郑强','F','计算机','pw012');
INSERT INTO 学生(Sno,Snm,Sex,Sde,Pwd) VALUES('CS013','孙敏','M','计算机','pw013');
INSERT INTO 学生(Sno,Snm,Sex,Sde,Pwd) VALUES('CS014','吴军','M','计算机','pw014');
INSERT INTO 学生(Sno,Snm,Sex,Sde,Pwd) VALUES('CS015','周强','M','计算机','pw015');
INSERT INTO 学生(Sno,Snm,Sex,Sde,Pwd) VALUES('CS016','吴强','M','计算机','pw016');
INSERT INTO 学生(Sno,Snm,Sex,Sde,Pwd) VALUES('CS017','冯敏','F','计算机','pw017');
INSERT INTO 学生(Sno,Snm,Sex,Sde,Pwd) VALUES('CS018','赵磊','F','计算机','pw018');
INSERT INTO 学生(Sno,Snm,Sex,Sde,Pwd) VALUES('CS019','赵建国','M','计算机','pw019');
INSERT INTO 学生(Sno,Snm,Sex,Sde,Pwd) VALUES('CS020','褚芳','M','计算机','pw020');
INSERT INTO 学生(Sno,Snm,Sex,Sde,Pwd) VALUES('CS021','冯军','F','计算机','pw021');
INSERT INTO 学生(Sno,Snm,Sex,Sde,Pwd) VALUES('CS022','钱建军','M','计算机','pw022');
INSERT INTO 学生(Sno,Snm,Sex,Sde,Pwd) VALUES('CS023','陈军','M','计算机','pw023');
INSERT INTO 学生(Sno,Snm,Sex,Sde,Pwd) VALUES('CS024','褚建国','F','计算机','pw024');
INSERT INTO 学生(Sno,Snm,Sex,Sde,Pwd) VALUES('CS025','周军','F','计算机','pw025');
INSERT INTO 学生(Sno,Snm,Sex,Sde,Pwd) VALUES('CS026','周丽','M','计算机','pw026');
INSERT INTO 学生(Sno,Snm,Sex,Sde,Pwd) VALUES('CS027','郑敏','F','计算机','pw027');
INSERT INTO 学生(Sno,Snm,Sex,Sde,Pwd) VALUES('CS028','吴敏','F','计算机','pw028');
INSERT INTO 学生(Sno,Snm,Sex,Sde,Pwd) VALUES('CS029','冯敏','M','计算机','pw029');
INSERT INTO 学生(Sno,Snm,Sex,Sde,Pwd) VALUES('CS030','吴磊','M','计算机','pw030');
INSERT INTO 学生(Sno,Snm,Sex,Sde,Pwd) VALUES('CS031','冯丽','F','计算机','pw031');
INSERT INTO 学生(Sno,Snm,Sex,Sde,Pwd) VALUES('CS032','郑军','M','计算机','pw032');
INSERT INTO 学生(Sno,Snm,Sex,Sde,Pwd) VALUES('CS033','褚丽','F','计算机','pw033');
INSERT INTO 学生(Sno,Snm,Sex,Sde,Pwd) VALUES('CS034','陈建国','F','计算机','pw034');
INSERT INTO 学生(Sno,Snm,Sex,Sde,Pwd) VALUES('CS035','孙军','M','计算机','pw035');
INSERT INTO 学生(Sno,Snm,Sex,Sde,Pwd) VALUES('CS036','钱军','F','计算机','pw036');
INSERT INTO 学生(Sno,Snm,Sex,Sde,Pwd) VALUES('CS037','郑娜','F','计算机','pw037');
INSERT INTO 学生(Sno,Snm,Sex,Sde,Pwd) VALUES('CS038','吴强','F','计算机','pw038');
INSERT INTO 学生(Sno,Snm,Sex,Sde,Pwd) VALUES('CS039','钱建国','M','计算机','pw039');
INSERT INTO 学生(Sno,Snm,Sex,Sde,Pwd) VALUES('CS040','郑丽','F','计算机','pw040');
INSERT INTO 学生(Sno,Snm,Sex,Sde,Pwd) VALUES('CS041','王磊','M','计算机','pw041');
INSERT INTO 学生(Sno,Snm,Sex,Sde,Pwd) VALUES('CS042','周娜','F','计算机','pw042');
INSERT INTO 学生(Sno,Snm,Sex,Sde,Pwd) VALUES('CS043','孙敏','M','计算机','pw043');
INSERT INTO 学生(Sno,Snm,Sex,Sde,Pwd) VALUES('CS044','孙娜','M','计算机','pw044');
INSERT INTO 学生(Sno,Snm,Sex,Sde,Pwd) VALUES('CS045','陈娜','M','计算机','pw045');
INSERT INTO 学生(Sno,Snm,Sex,Sde,Pwd) VALUES('CS046','陈秀英','M','计算机','pw046');
INSERT INTO 学生(Sno,Snm,Sex,Sde,Pwd) VALUES('CS047','冯敏','F','计算机','pw047');
INSERT INTO 学生(Sno,Snm,Sex,Sde,Pwd) VALUES('CS048','冯芳','M','计算机','pw048');
INSERT INTO 学生(Sno,Snm,Sex,Sde,Pwd) VALUES('CS049','吴敏','F','计算机','pw049');
INSERT INTO 学生(Sno,Snm,Sex,Sde,Pwd) VALUES('CS050','周强','F','计算机','pw050');
INSERT INTO 课程(Cno,Cnm,Ctm,Cpt,Tec,Pla,Share) VALUES('CC01','Database',41,'4','T1','C101','Y');
INSERT INTO 课程(Cno,Cnm,Ctm,Cpt,Tec,Pla,Share) VALUES('CC02','Compilers',36,'2','T2','C102','Y');
INSERT INTO 课程(Cno,Cnm,Ctm,Cpt,Tec,Pla,Share) VALUES('CC03','OS',37,'3','T3','C103','Y');
INSERT INTO 课程(Cno,Cnm,Ctm,Cpt,Tec,Pla,Share) VALUES('CC04','Algorithms',38,'4','T1','C104','Y');
INSERT INTO 课程(Cno,Cnm,Ctm,Cpt,Tec,Pla,Share) VALUES('CC05','Networks',42,'2','T2','C105','N');
INSERT INTO 课程(Cno,Cnm,Ctm,Cpt,Tec,Pla,Share) VALUES('CC06','SE',39,'2','T3','C106','N');
INSERT INTO 课程(Cno,Cnm,Ctm,Cpt,Tec,Pla,Share) VALUES('CC07','AI',45,'4','T1','C107','N');
INSERT INTO 课程(Cno,Cnm,Ctm,Cpt,Tec,Pla,Share) VALUES('CC08','ML',37,'2','T2','C108','N');
INSERT INTO 课程(Cno,Cnm,Ctm,Cpt,Tec,Pla,Share) VALUES('CC09','DiscreteMath',32,'2','T3','C109','N');
INSERT INTO 课程(Cno,Cnm,Ctm,Cpt,Tec,Pla,Share) VALUES('CC10','DataStructure',32,'3','T1','C110','N');
INSERT INTO 选课(Cno,Sno) VALUES('CC04','CS001');
INSERT INTO 选课(Cno,Sno) VALUES('CC03','CS001');
INSERT INTO 选课(Cno,Sno) VALUES('CC01','CS001');
INSERT INTO 选课(Cno,Sno) VALUES('CC06','CS001');
INSERT INTO 选课(Cno,Sno) VALUES('CC07','CS001');
INSERT INTO 选课(Cno,Sno) VALUES('CC09','CS002');
INSERT INTO 选课(Cno,Sno) VALUES('CC04','CS002');
INSERT INTO 选课(Cno,Sno) VALUES('CC08','CS002');
INSERT INTO 选课(Cno,Sno) VALUES('CC06','CS002');
INSERT INTO 选课(Cno,Sno) VALUES('CC05','CS002');
INSERT INTO 选课(Cno,Sno) VALUES('CC02','CS003');
INSERT INTO 选课(Cno,Sno) VALUES('CC05','CS003');
INSERT INTO 选课(Cno,Sno) VALUES('CC06','CS003');
INSERT INTO 选课(Cno,Sno) VALUES('CC01','CS003');
INSERT INTO 选课(Cno,Sno) VALUES('CC08','CS003');
INSERT INTO 选课(Cno,Sno) VALUES('CC01','CS004');
INSERT INTO 选课(Cno,Sno) VALUES('CC07','CS004');
INSERT INTO 选课(Cno,Sno) VALUES('CC06','CS004');
INSERT INTO 选课(Cno,Sno) VALUES('CC05','CS004');
INSERT INTO 选课(Cno,Sno) VALUES('CC10','CS004');
INSERT INTO 选课(Cno,Sno) VALUES('CC06','CS005');
INSERT INTO 选课(Cno,Sno) VALUES('CC05','CS005');
INSERT INTO 选课(Cno,Sno) VALUES('CC02','CS005');
INSERT INTO 选课(Cno,Sno) VALUES('CC10','CS005');
INSERT INTO 选课(Cno,Sno) VALUES('CC04','CS005');
INSERT INTO 选课(Cno,Sno) VALUES('CC09','CS006');
INSERT INTO 选课(Cno,Sno) VALUES('CC05','CS006');
INSERT INTO 选课(Cno,Sno) VALUES('CC08','CS006');
INSERT INTO 选课(Cno,Sno) VALUES('CC07','CS006');
INSERT INTO 选课(Cno,Sno) VALUES('CC01','CS006');
INSERT INTO 选课(Cno,Sno) VALUES('CC07','CS007');
INSERT INTO 选课(Cno,Sno) VALUES('CC06','CS007');
INSERT INTO 选课(Cno,Sno) VALUES('CC10','CS007');
INSERT INTO 选课(Cno,Sno) VALUES('CC02','CS007');
INSERT INTO 选课(Cno,Sno) VALUES('CC03','CS007');
INSERT INTO 选课(Cno,Sno) VALUES('CC05','CS008');
INSERT INTO 选课(Cno,Sno) VALUES('CC10','CS008');
INSERT INTO 选课(Cno,Sno) VALUES('CC06','CS008');
INSERT INTO 选课(Cno,Sno) VALUES('CC03','CS008');
INSERT INTO 选课(Cno,Sno) VALUES('CC04','CS008');
INSERT INTO 选课(Cno,Sno) VALUES('CC07','CS009');
INSERT INTO 选课(Cno,Sno) VALUES('CC04','CS009');
INSERT INTO 选课(Cno,Sno) VALUES('CC05','CS009');
INSERT INTO 选课(Cno,Sno) VALUES('CC08','CS009');
INSERT INTO 选课(Cno,Sno) VALUES('CC06','CS009');
INSERT INTO 选课(Cno,Sno) VALUES('CC09','CS010');
INSERT INTO 选课(Cno,Sno) VALUES('CC08','CS010');
INSERT INTO 选课(Cno,Sno) VALUES('CC07','CS010');
INSERT INTO 选课(Cno,Sno) VALUES('CC10','CS010');
INSERT INTO 选课(Cno,Sno) VALUES('CC05','CS010');
INSERT INTO 选课(Cno,Sno) VALUES('CC10','CS011');
INSERT INTO 选课(Cno,Sno) VALUES('CC02','CS011');
INSERT INTO 选课(Cno,Sno) VALUES('CC04','CS011');
INSERT INTO 选课(Cno,Sno) VALUES('CC08','CS011');
INSERT INTO 选课(Cno,Sno) VALUES('CC03','CS011');
INSERT INTO 选课(Cno,Sno) VALUES('CC04','CS012');
INSERT INTO 选课(Cno,Sno) VALUES('CC03','CS012');
INSERT INTO 选课(Cno,Sno) VALUES('CC10','CS012');
INSERT INTO 选课(Cno,Sno) VALUES('CC08','CS012');
INSERT INTO 选课(Cno,Sno) VALUES('CC01','CS012');
INSERT INTO 选课(Cno,Sno) VALUES('CC05','CS013');
INSERT INTO 选课(Cno,Sno) VALUES('CC02','CS013');
INSERT INTO 选课(Cno,Sno) VALUES('CC07','CS013');
INSERT INTO 选课(Cno,Sno) VALUES('CC10','CS013');
INSERT INTO 选课(Cno,Sno) VALUES('CC03','CS013');
INSERT INTO 选课(Cno,Sno) VALUES('CC02','CS014');
INSERT INTO 选课(Cno,Sno) VALUES('CC04','CS014');
INSERT INTO 选课(Cno,Sno) VALUES('CC03','CS014');
INSERT INTO 选课(Cno,Sno) VALUES('CC06','CS014');
INSERT INTO 选课(Cno,Sno) VALUES('CC08','CS014');
INSERT INTO 选课(Cno,Sno) VALUES('CC03','CS015');
INSERT INTO 选课(Cno,Sno) VALUES('CC10','CS015');
INSERT INTO 选课(Cno,Sno) VALUES('CC01','CS015');
INSERT INTO 选课(Cno,Sno) VALUES('CC07','CS015');
INSERT INTO 选课(Cno,Sno) VALUES('CC08','CS015');
INSERT INTO 选课(Cno,Sno) VALUES('CC07','CS016');
INSERT INTO 选课(Cno,Sno) VALUES('CC05','CS016');
INSERT INTO 选课(Cno,Sno) VALUES('CC09','CS016');
INSERT INTO 选课(Cno,Sno) VALUES('CC08','CS016');
INSERT INTO 选课(Cno,Sno) VALUES('CC01','CS016');
INSERT INTO 选课(Cno,Sno) VALUES('CC07','CS017');
INSERT INTO 选课(Cno,Sno) VALUES('CC05','CS017');
INSERT INTO 选课(Cno,Sno) VALUES('CC02','CS017');
INSERT INTO 选课(Cno,Sno) VALUES('CC09','CS017');
INSERT INTO 选课(Cno,Sno) VALUES('CC01','CS017');
INSERT INTO 选课(Cno,Sno) VALUES('CC05','CS018');
INSERT INTO 选课(Cno,Sno) VALUES('CC01','CS018');
INSERT INTO 选课(Cno,Sno) VALUES('CC09','CS018');
INSERT INTO 选课(Cno,Sno) VALUES('CC07','CS018');
INSERT INTO 选课(Cno,Sno) VALUES('CC08','CS018');
INSERT INTO 选课(Cno,Sno) VALUES('CC07','CS019');
INSERT INTO 选课(Cno,Sno) VALUES('CC06','CS019');
INSERT INTO 选课(Cno,Sno) VALUES('CC09','CS019');
INSERT INTO 选课(Cno,Sno) VALUES('CC03','CS019');
INSERT INTO 选课(Cno,Sno) VALUES('CC04','CS019');
INSERT INTO 选课(Cno,Sno) VALUES('CC02','CS020');
INSERT INTO 选课(Cno,Sno) VALUES('CC04','CS020');
INSERT INTO 选课(Cno,Sno) VALUES('CC01','CS020');
INSERT INTO 选课(Cno,Sno) VALUES('CC09','CS020');
INSERT INTO 选课(Cno,Sno) VALUES('CC06','CS020');
INSERT INTO 选课(Cno,Sno) VALUES('CC02','CS021');
INSERT INTO 选课(Cno,Sno) VALUES('CC06','CS021');
INSERT INTO 选课(Cno,Sno) VALUES('CC04','CS021');
INSERT INTO 选课(Cno,Sno) VALUES('CC09','CS021');
INSERT INTO 选课(Cno,Sno) VALUES('CC07','CS021');
INSERT INTO 选课(Cno,Sno) VALUES('CC06','CS022');
INSERT INTO 选课(Cno,Sno) VALUES('CC01','CS022');
INSERT INTO 选课(Cno,Sno) VALUES('CC07','CS022');
INSERT INTO 选课(Cno,Sno) VALUES('CC08','CS022');
INSERT INTO 选课(Cno,Sno) VALUES('CC02','CS022');
INSERT INTO 选课(Cno,Sno) VALUES('CC01','CS023');
INSERT INTO 选课(Cno,Sno) VALUES('CC03','CS023');
INSERT INTO 选课(Cno,Sno) VALUES('CC04','CS023');
INSERT INTO 选课(Cno,Sno) VALUES('CC09','CS023');
INSERT INTO 选课(Cno,Sno) VALUES('CC02','CS023');
INSERT INTO 选课(Cno,Sno) VALUES('CC08','CS024');
INSERT INTO 选课(Cno,Sno) VALUES('CC07','CS024');
INSERT INTO 选课(Cno,Sno) VALUES('CC04','CS024');
INSERT INTO 选课(Cno,Sno) VALUES('CC01','CS024');
INSERT INTO 选课(Cno,Sno) VALUES('CC06','CS024');
INSERT INTO 选课(Cno,Sno) VALUES('CC05','CS025');
INSERT INTO 选课(Cno,Sno) VALUES('CC08','CS025');
INSERT INTO 选课(Cno,Sno) VALUES('CC04','CS025');
INSERT INTO 选课(Cno,Sno) VALUES('CC06','CS025');
INSERT INTO 选课(Cno,Sno) VALUES('CC01','CS025');
INSERT INTO 选课(Cno,Sno) VALUES('CC06','CS026');
INSERT INTO 选课(Cno,Sno) VALUES('CC03','CS026');
INSERT INTO 选课(Cno,Sno) VALUES('CC10','CS026');
INSERT INTO 选课(Cno,Sno) VALUES('CC09','CS026');
INSERT INTO 选课(Cno,Sno) VALUES('CC04','CS026');
INSERT INTO 选课(Cno,Sno) VALUES('CC05','CS027');
INSERT INTO 选课(Cno,Sno) VALUES('CC04','CS027');
INSERT INTO 选课(Cno,Sno) VALUES('CC07','CS027');
INSERT INTO 选课(Cno,Sno) VALUES('CC02','CS027');
INSERT INTO 选课(Cno,Sno) VALUES('CC03','CS027');
INSERT INTO 选课(Cno,Sno) VALUES('CC03','CS028');
INSERT INTO 选课(Cno,Sno) VALUES('CC10','CS028');
INSERT INTO 选课(Cno,Sno) VALUES('CC02','CS028');
INSERT INTO 选课(Cno,Sno) VALUES('CC08','CS028');
INSERT INTO 选课(Cno,Sno) VALUES('CC07','CS028');
INSERT INTO 选课(Cno,Sno) VALUES('CC07','CS029');
INSERT INTO 选课(Cno,Sno) VALUES('CC02','CS029');
INSERT INTO 选课(Cno,Sno) VALUES('CC05','CS029');
INSERT INTO 选课(Cno,Sno) VALUES('CC01','CS029');
INSERT INTO 选课(Cno,Sno) VALUES('CC08','CS029');
INSERT INTO 选课(Cno,Sno) VALUES('CC06','CS030');
INSERT INTO 选课(Cno,Sno) VALUES('CC01','CS030');
INSERT INTO 选课(Cno,Sno) VALUES('CC07','CS030');
INSERT INTO 选课(Cno,Sno) VALUES('CC02','CS030');
INSERT INTO 选课(Cno,Sno) VALUES('CC09','CS030');
INSERT INTO 选课(Cno,Sno) VALUES('CC08','CS031');
INSERT INTO 选课(Cno,Sno) VALUES('CC03','CS031');
INSERT INTO 选课(Cno,Sno) VALUES('CC02','CS031');
INSERT INTO 选课(Cno,Sno) VALUES('CC07','CS031');
INSERT INTO 选课(Cno,Sno) VALUES('CC04','CS031');
INSERT INTO 选课(Cno,Sno) VALUES('CC05','CS032');
INSERT INTO 选课(Cno,Sno) VALUES('CC09','CS032');
INSERT INTO 选课(Cno,Sno) VALUES('CC07','CS032');
INSERT INTO 选课(Cno,Sno) VALUES('CC04','CS032');
INSERT INTO 选课(Cno,Sno) VALUES('CC06','CS032');
INSERT INTO 选课(Cno,Sno) VALUES('CC07','CS033');
INSERT INTO 选课(Cno,Sno) VALUES('CC06','CS033');
INSERT INTO 选课(Cno,Sno) VALUES('CC01','CS033');
INSERT INTO 选课(Cno,Sno) VALUES('CC10','CS033');
INSERT INTO 选课(Cno,Sno) VALUES('CC08','CS033');
INSERT INTO 选课(Cno,Sno) VALUES('CC07','CS034');
INSERT INTO 选课(Cno,Sno) VALUES('CC06','CS034');
INSERT INTO 选课(Cno,Sno) VALUES('CC08','CS034');
INSERT INTO 选课(Cno,Sno) VALUES('CC09','CS034');
INSERT INTO 选课(Cno,Sno) VALUES('CC03','CS034');
INSERT INTO 选课(Cno,Sno) VALUES('CC02','CS035');
INSERT INTO 选课(Cno,Sno) VALUES('CC09','CS035');
INSERT INTO 选课(Cno,Sno) VALUES('CC03','CS035');
INSERT INTO 选课(Cno,Sno) VALUES('CC05','CS035');
INSERT INTO 选课(Cno,Sno) VALUES('CC04','CS035');
INSERT INTO 选课(Cno,Sno) VALUES('CC03','CS036');
INSERT INTO 选课(Cno,Sno) VALUES('CC07','CS036');
INSERT INTO 选课(Cno,Sno) VALUES('CC10','CS036');
INSERT INTO 选课(Cno,Sno) VALUES('CC09','CS036');
INSERT INTO 选课(Cno,Sno) VALUES('CC01','CS036');
INSERT INTO 选课(Cno,Sno) VALUES('CC08','CS037');
INSERT INTO 选课(Cno,Sno) VALUES('CC01','CS037');
INSERT INTO 选课(Cno,Sno) VALUES('CC09','CS037');
INSERT INTO 选课(Cno,Sno) VALUES('CC03','CS037');
INSERT INTO 选课(Cno,Sno) VALUES('CC10','CS037');
INSERT INTO 选课(Cno,Sno) VALUES('CC02','CS038');
INSERT INTO 选课(Cno,Sno) VALUES('CC07','CS038');
INSERT INTO 选课(Cno,Sno) VALUES('CC03','CS038');
INSERT INTO 选课(Cno,Sno) VALUES('CC01','CS038');
INSERT INTO 选课(Cno,Sno) VALUES('CC08','CS038');
INSERT INTO 选课(Cno,Sno) VALUES('CC01','CS039');
INSERT INTO 选课(Cno,Sno) VALUES('CC03','CS039');
INSERT INTO 选课(Cno,Sno) VALUES('CC08','CS039');
INSERT INTO 选课(Cno,Sno) VALUES('CC10','CS039');
INSERT INTO 选课(Cno,Sno) VALUES('CC06','CS039');
INSERT INTO 选课(Cno,Sno) VALUES('CC04','CS040');
INSERT INTO 选课(Cno,Sno) VALUES('CC02','CS040');
INSERT INTO 选课(Cno,Sno) VALUES('CC01','CS040');
INSERT INTO 选课(Cno,Sno) VALUES('CC10','CS040');
INSERT INTO 选课(Cno,Sno) VALUES('CC07','CS040');
INSERT INTO 选课(Cno,Sno) VALUES('CC02','CS041');
INSERT INTO 选课(Cno,Sno) VALUES('CC03','CS041');
INSERT INTO 选课(Cno,Sno) VALUES('CC07','CS041');
INSERT INTO 选课(Cno,Sno) VALUES('CC04','CS041');
INSERT INTO 选课(Cno,Sno) VALUES('CC09','CS041');
INSERT INTO 选课(Cno,Sno) VALUES('CC04','CS042');
INSERT INTO 选课(Cno,Sno) VALUES('CC10','CS042');
INSERT INTO 选课(Cno,Sno) VALUES('CC09','CS042');
INSERT INTO 选课(Cno,Sno) VALUES('CC06','CS042');
INSERT INTO 选课(Cno,Sno) VALUES('CC07','CS042');
INSERT INTO 选课(Cno,Sno) VALUES('CC06','CS043');
INSERT INTO 选课(Cno,Sno) VALUES('CC10','CS043');
INSERT INTO 选课(Cno,Sno) VALUES('CC03','CS043');
INSERT INTO 选课(Cno,Sno) VALUES('CC05','CS043');
INSERT INTO 选课(Cno,Sno) VALUES('CC07','CS043');
INSERT INTO 选课(Cno,Sno) VALUES('CC03','CS044');
INSERT INTO 选课(Cno,Sno) VALUES('CC01','CS044');
INSERT INTO 选课(Cno,Sno) VALUES('CC09','CS044');
INSERT INTO 选课(Cno,Sno) VALUES('CC05','CS044');
INSERT INTO 选课(Cno,Sno) VALUES('CC07','CS044');
INSERT INTO 选课(Cno,Sno) VALUES('CC02','CS045');
INSERT INTO 选课(Cno,Sno) VALUES('CC06','CS045');
INSERT INTO 选课(Cno,Sno) VALUES('CC04','CS045');
INSERT INTO 选课(Cno,Sno) VALUES('CC05','CS045');
INSERT INTO 选课(Cno,Sno) VALUES('CC03','CS045');
INSERT INTO 选课(Cno,Sno) VALUES('CC04','CS046');
INSERT INTO 选课(Cno,Sno) VALUES('CC07','CS046');
INSERT INTO 选课(Cno,Sno) VALUES('CC01','CS046');
INSERT INTO 选课(Cno,Sno) VALUES('CC09','CS046');
INSERT INTO 选课(Cno,Sno) VALUES('CC02','CS046');
INSERT INTO 选课(Cno,Sno) VALUES('CC01','CS047');
INSERT INTO 选课(Cno,Sno) VALUES('CC09','CS047');
INSERT INTO 选课(Cno,Sno) VALUES('CC08','CS047');
INSERT INTO 选课(Cno,Sno) VALUES('CC02','CS047');
INSERT INTO 选课(Cno,Sno) VALUES('CC04','CS047');
INSERT INTO 选课(Cno,Sno) VALUES('CC06','CS048');
INSERT INTO 选课(Cno,Sno) VALUES('CC05','CS048');
INSERT INTO 选课(Cno,Sno) VALUES('CC02','CS048');
INSERT INTO 选课(Cno,Sno) VALUES('CC01','CS048');
INSERT INTO 选课(Cno,Sno) VALUES('CC08','CS048');
INSERT INTO 选课(Cno,Sno) VALUES('CC03','CS049');
INSERT INTO 选课(Cno,Sno) VALUES('CC02','CS049');
INSERT INTO 选课(Cno,Sno) VALUES('CC01','CS049');
INSERT INTO 选课(Cno,Sno) VALUES('CC08','CS049');
INSERT INTO 选课(Cno,Sno) VALUES('CC06','CS049');
INSERT INTO 选课(Cno,Sno) VALUES('CC01','CS050');
INSERT INTO 选课(Cno,Sno) VALUES('CC05','CS050');
INSERT INTO 选课(Cno,Sno) VALUES('CC08','CS050');
INSERT INTO 选课(Cno,Sno) VALUES('CC07','CS050');
INSERT INTO 选课(Cno,Sno) VALUES('CC09','CS050');
